<?xml version="1.0" encoding="UTF-8"?>
<metadata xml:lang="en"><dataIdInfo><envirDesc>Microsoft Windows 7 Version 6.1 (Build 7600) ; ESRI ArcGIS 10.0.3.3600</envirDesc><dataLang><languageCode value="eng"/><countryCode value="USA"/></dataLang><idCitation><resTitle>GIS_STREETS.Bike_Network</resTitle><presForm><PresFormCd value="005"/></presForm></idCitation><spatRpType><SpatRepTypCd value="001"/></spatRpType><searchKeys><keyword>Transportation</keyword><keyword>Bike</keyword><keyword>Cycle</keyword><keyword>Bicycle</keyword><keyword>Streets</keyword><keyword>Bike Network</keyword><keyword>Bike Lanes</keyword><keyword>Bike</keyword><keyword>Bicycle</keyword><keyword>Cycle</keyword><keyword>Transportation</keyword><keyword>Streets</keyword><keyword>Bike Network</keyword><keyword>Transportation</keyword></searchKeys><idPurp>Network of streets within City of Philadelphia with bike lanes and/or bike-friendly markings. 

Attributes updated: 04/07/2014
Metadata updated: 04/07/2014
Update Frequency: As needed</idPurp><idAbs>&lt;DIV STYLE="text-align:Left;"&gt;&lt;DIV&gt;&lt;DIV&gt;&lt;P&gt;&lt;SPAN STYLE="font-style:italic;"&gt;&lt;SPAN&gt;Abstract:&lt;/SPAN&gt;&lt;/SPAN&gt;&lt;SPAN&gt;&lt;SPAN&gt;Bicycle Network for the City of Philadelphia &lt;/SPAN&gt;&lt;/SPAN&gt;&lt;/P&gt;&lt;P&gt;&lt;SPAN /&gt;&lt;/P&gt;&lt;P&gt;&lt;SPAN STYLE="font-weight:bold;"&gt;FIELD DESCRIPTIONS&lt;/SPAN&gt;&lt;/P&gt;&lt;P&gt;&lt;SPAN&gt;SEG_ID - Unique segment identifier&lt;/SPAN&gt;&lt;/P&gt;&lt;P&gt;&lt;SPAN&gt;STREETNAME - complete street name including directional prefix; street name; street type; directional suffix&lt;/SPAN&gt;&lt;/P&gt;&lt;P&gt;&lt;SPAN&gt;ST_CODE - street code, the unique street name identifier&lt;/SPAN&gt;&lt;/P&gt;&lt;P&gt;&lt;SPAN&gt;ONEWAY - travel direction of street segment, relative to the digitized direction of segment&lt;/SPAN&gt;&lt;/P&gt;&lt;P&gt;&lt;SPAN&gt;CLASS - Street classification related to traffic volume and drivablilty&lt;/SPAN&gt;&lt;/P&gt;&lt;P STYLE="text-indent:20;"&gt;&lt;SPAN&gt;DOMAIN VALUES FOR FIELD &lt;/SPAN&gt;&lt;SPAN STYLE="font-style:italic;"&gt;CLASS:&lt;/SPAN&gt;&lt;/P&gt;&lt;P STYLE="text-indent:20;"&gt;&lt;SPAN&gt;1 - Expressway&lt;/SPAN&gt;&lt;/P&gt;&lt;P STYLE="text-indent:20;"&gt;&lt;SPAN&gt;2 - Major arterial&lt;/SPAN&gt;&lt;/P&gt;&lt;P STYLE="text-indent:20;"&gt;&lt;SPAN&gt;3 - Minor arterial&lt;/SPAN&gt;&lt;/P&gt;&lt;P STYLE="text-indent:20;"&gt;&lt;SPAN&gt;4 - Collector&lt;/SPAN&gt;&lt;/P&gt;&lt;P STYLE="text-indent:20;"&gt;&lt;SPAN&gt;5 - Local&lt;/SPAN&gt;&lt;/P&gt;&lt;P STYLE="text-indent:20;"&gt;&lt;SPAN&gt;6 - Driveway&lt;/SPAN&gt;&lt;/P&gt;&lt;P STYLE="text-indent:20;"&gt;&lt;SPAN&gt;9 - Low speed ramps&lt;/SPAN&gt;&lt;/P&gt;&lt;P STYLE="text-indent:20;"&gt;&lt;SPAN&gt;10 - High speed ramps&lt;/SPAN&gt;&lt;/P&gt;&lt;P STYLE="text-indent:20;"&gt;&lt;SPAN&gt;12 - Non-travelable&lt;/SPAN&gt;&lt;/P&gt;&lt;P STYLE="text-indent:20;"&gt;&lt;SPAN&gt;13 - New roads under construction&lt;/SPAN&gt;&lt;/P&gt;&lt;P STYLE="text-indent:20;"&gt;&lt;SPAN&gt;14 - City boundary&lt;/SPAN&gt;&lt;/P&gt;&lt;P STYLE="text-indent:20;"&gt;&lt;SPAN&gt;15 - Walkway connector&lt;/SPAN&gt;&lt;/P&gt;&lt;P STYLE="text-indent:20;"&gt;&lt;SPAN&gt;18 - Traffic-controlled crosswalks&lt;/SPAN&gt;&lt;/P&gt;&lt;P STYLE="text-indent:20;"&gt;&lt;SPAN /&gt;&lt;/P&gt;&lt;P&gt;&lt;SPAN&gt;TYPE - Bike network classification&lt;/SPAN&gt;&lt;/P&gt;&lt;P&gt;&lt;SPAN /&gt;&lt;/P&gt;&lt;P STYLE="text-indent:20;"&gt;&lt;SPAN&gt;DOMAIN VALUES FOR FIELD &lt;/SPAN&gt;&lt;SPAN STYLE="font-style:italic;"&gt;TYPE&lt;/SPAN&gt;&lt;SPAN&gt;:&lt;/SPAN&gt;&lt;/P&gt;&lt;P STYLE="text-indent:20;"&gt;&lt;SPAN&gt;B - Buffered - A bike lane separated from motor vehicle traffic by a painted buffer.&lt;/SPAN&gt;&lt;/P&gt;&lt;P STYLE="text-indent:20;"&gt;&lt;SPAN&gt;C - Conventional - Typically, a 5' to 6' bike lane marked with bike symbols&lt;/SPAN&gt;&lt;/P&gt;&lt;P STYLE="text-indent:20;"&gt;&lt;SPAN&gt;BC - Buffered w Conventional - A buffered bike lane in one direction and a conventional bike lane in the opposite direction.&lt;/SPAN&gt;&lt;/P&gt;&lt;P STYLE="text-indent:20;"&gt;&lt;SPAN&gt;BS - Buffered w Sharrows - A buffered bike lane in one direction and a lane with sharrows in the opposite direction.&lt;/SPAN&gt;&lt;/P&gt;&lt;P STYLE="text-indent:20;"&gt;&lt;SPAN&gt;CT - Cycle track - A physically separated one-way bike lane, typically operating in the same direction as motor vehicles. Bikes are separated from both motor vehicle traffic and the sidewalk by physical barriers such as curbs, bollards, parked cars, etc.&lt;/SPAN&gt;&lt;/P&gt;&lt;P STYLE="text-indent:20;"&gt;&lt;SPAN&gt;CTC - Cycle track w Conventional - A cycle track in one direction and a conventional bike lane in the opposite direction.&lt;/SPAN&gt;&lt;/P&gt;&lt;P STYLE="text-indent:20;"&gt;&lt;SPAN&gt;CTS - Cycle track w Sharrows - A cycle track in one direction and a lane with sharrows in the opposite direction.&lt;/SPAN&gt;&lt;/P&gt;&lt;P STYLE="text-indent:20;"&gt;&lt;SPAN&gt;TCT - Two-way Cycle track - A two-way cycle track. Unless in the middle of the street, this will operate as contra-flow at intersections.&lt;/SPAN&gt;&lt;/P&gt;&lt;P STYLE="text-indent:20;"&gt;&lt;SPAN&gt;CF - Contraflow - A typical 5' to 6' bike lane, but with bikes traveling in the opposite direction from motor vehicles.&lt;/SPAN&gt;&lt;/P&gt;&lt;P STYLE="text-indent:20;"&gt;&lt;SPAN&gt;CFCO - Contraflow w Conventional, opposite - Two bike lanes in opposite directions on opposite sides of a one-way street.&lt;/SPAN&gt;&lt;/P&gt;&lt;P STYLE="text-indent:20;"&gt;&lt;SPAN&gt;CFCS - Contraflow w Conventional, same - Two bike lanes in opposite directions on the same side of a one-way street. Typically, the bike lane closest to motor vehicle traffic will operate in the same direction with it.&lt;/SPAN&gt;&lt;/P&gt;&lt;P STYLE="text-indent:20;"&gt;&lt;SPAN&gt;CFS - Contraflow w Sharrows - A contraflow on one side of a one-way street, with sharrows in a traffic lane.&lt;/SPAN&gt;&lt;/P&gt;&lt;P STYLE="text-indent:20;"&gt;&lt;SPAN&gt;CS - Conventional w Sharrows - A conventional bike lane in one direction and a lane with sharrows in the opposite direction. Typically used on hills where there is no room for lanes in both direction, and called a Climbing Lane.&lt;/SPAN&gt;&lt;/P&gt;&lt;P STYLE="text-indent:20;"&gt;&lt;SPAN&gt;S - Sharrow - A general traffic lane with bike symbols and chevron arrows placed at intervals to indicate bicycle use and safe alignment.&lt;/SPAN&gt;&lt;/P&gt;&lt;P STYLE="text-indent:20;"&gt;&lt;SPAN&gt;BF - Bicycle Friendly Street - A street with various treatments, including sharrows and bicycle signage at a minimum, to encourage bicycle use. May include traffic calming measures.&lt;/SPAN&gt;&lt;/P&gt;&lt;P STYLE="text-indent:20;"&gt;&lt;SPAN&gt;SGO - Signed Only - A street that is signed for bike use, but has no other bicycle accommodation. Used for easy biking streets that form important links in the bicycle network.&lt;/SPAN&gt;&lt;/P&gt;&lt;P STYLE="text-indent:20;"&gt;&lt;SPAN&gt;SP - Sidepath - A sidewalk where bicycling is permitted in both directions&lt;/SPAN&gt;&lt;/P&gt;&lt;P STYLE="text-indent:20;"&gt;&lt;SPAN&gt;SPOW - One-way sidepath - A sidewalk where bicycling is permitted in only one direction, the direction of adjacent motor vehicle traffic.&lt;/SPAN&gt;&lt;/P&gt;&lt;P STYLE="text-indent:20;"&gt;&lt;SPAN /&gt;&lt;/P&gt;&lt;P&gt;&lt;SPAN STYLE="font-style:italic;"&gt;&lt;SPAN&gt;Spatial_Reference_Information:&lt;/SPAN&gt;&lt;/SPAN&gt;&lt;SPAN /&gt;&lt;SPAN /&gt;&lt;/P&gt;&lt;P&gt;&lt;SPAN STYLE="font-style:italic;"&gt;&lt;SPAN&gt;Horizontal_Coordinate_System_Definition:&lt;/SPAN&gt;&lt;/SPAN&gt;&lt;SPAN /&gt;&lt;SPAN /&gt;&lt;/P&gt;&lt;P&gt;&lt;SPAN STYLE="font-style:italic;"&gt;&lt;SPAN&gt;Planar:&lt;/SPAN&gt;&lt;/SPAN&gt;&lt;SPAN /&gt;&lt;SPAN /&gt;&lt;/P&gt;&lt;P&gt;&lt;SPAN STYLE="font-style:italic;"&gt;&lt;SPAN&gt;Map_Projection:&lt;/SPAN&gt;&lt;/SPAN&gt;&lt;SPAN /&gt;&lt;SPAN /&gt;&lt;/P&gt;&lt;P&gt;&lt;SPAN STYLE="font-style:italic;"&gt;&lt;SPAN&gt;Map_Projection_Name:&lt;/SPAN&gt;&lt;/SPAN&gt;&lt;SPAN&gt;&lt;SPAN&gt;Lambert Conformal Conic &lt;/SPAN&gt;&lt;/SPAN&gt;&lt;/P&gt;&lt;P&gt;&lt;SPAN STYLE="font-style:italic;"&gt;&lt;SPAN&gt;Lambert_Conformal_Conic:&lt;/SPAN&gt;&lt;/SPAN&gt;&lt;SPAN /&gt;&lt;SPAN /&gt;&lt;/P&gt;&lt;P&gt;&lt;SPAN STYLE="font-style:italic;"&gt;&lt;SPAN&gt;Standard_Parallel:&lt;/SPAN&gt;&lt;/SPAN&gt;&lt;SPAN&gt;&lt;SPAN&gt;39.933333 &lt;/SPAN&gt;&lt;/SPAN&gt;&lt;/P&gt;&lt;P&gt;&lt;SPAN STYLE="font-style:italic;"&gt;&lt;SPAN&gt;Standard_Parallel:&lt;/SPAN&gt;&lt;/SPAN&gt;&lt;SPAN&gt;&lt;SPAN&gt;40.966667 &lt;/SPAN&gt;&lt;/SPAN&gt;&lt;/P&gt;&lt;P&gt;&lt;SPAN STYLE="font-style:italic;"&gt;&lt;SPAN&gt;Longitude_of_Central_Meridian:&lt;/SPAN&gt;&lt;/SPAN&gt;&lt;SPAN&gt;&lt;SPAN&gt;-77.750000 &lt;/SPAN&gt;&lt;/SPAN&gt;&lt;/P&gt;&lt;P&gt;&lt;SPAN STYLE="font-style:italic;"&gt;&lt;SPAN&gt;Latitude_of_Projection_Origin:&lt;/SPAN&gt;&lt;/SPAN&gt;&lt;SPAN&gt;&lt;SPAN&gt;39.333333 &lt;/SPAN&gt;&lt;/SPAN&gt;&lt;/P&gt;&lt;P&gt;&lt;SPAN STYLE="font-style:italic;"&gt;&lt;SPAN&gt;False_Easting:&lt;/SPAN&gt;&lt;/SPAN&gt;&lt;SPAN&gt;&lt;SPAN&gt;1968500.000000 &lt;/SPAN&gt;&lt;/SPAN&gt;&lt;/P&gt;&lt;P&gt;&lt;SPAN STYLE="font-style:italic;"&gt;&lt;SPAN&gt;False_Northing:&lt;/SPAN&gt;&lt;/SPAN&gt;&lt;SPAN&gt;&lt;SPAN&gt;0.000000 &lt;/SPAN&gt;&lt;/SPAN&gt;&lt;/P&gt;&lt;P&gt;&lt;SPAN STYLE="font-style:italic;"&gt;&lt;SPAN&gt;Planar_Coordinate_Information:&lt;/SPAN&gt;&lt;/SPAN&gt;&lt;SPAN /&gt;&lt;SPAN /&gt;&lt;/P&gt;&lt;P&gt;&lt;SPAN STYLE="font-style:italic;"&gt;&lt;SPAN&gt;Planar_Coordinate_Encoding_Method:&lt;/SPAN&gt;&lt;/SPAN&gt;&lt;SPAN&gt;&lt;SPAN&gt;coordinate pair &lt;/SPAN&gt;&lt;/SPAN&gt;&lt;/P&gt;&lt;P&gt;&lt;SPAN STYLE="font-style:italic;"&gt;&lt;SPAN&gt;Coordinate_Representation:&lt;/SPAN&gt;&lt;/SPAN&gt;&lt;SPAN /&gt;&lt;SPAN /&gt;&lt;/P&gt;&lt;P&gt;&lt;SPAN STYLE="font-style:italic;"&gt;&lt;SPAN&gt;Abscissa_Resolution:&lt;/SPAN&gt;&lt;/SPAN&gt;&lt;SPAN&gt;&lt;SPAN&gt;0.000256 &lt;/SPAN&gt;&lt;/SPAN&gt;&lt;/P&gt;&lt;P&gt;&lt;SPAN STYLE="font-style:italic;"&gt;&lt;SPAN&gt;Ordinate_Resolution:&lt;/SPAN&gt;&lt;/SPAN&gt;&lt;SPAN&gt;&lt;SPAN&gt;0.000256 &lt;/SPAN&gt;&lt;/SPAN&gt;&lt;/P&gt;&lt;P&gt;&lt;SPAN STYLE="font-style:italic;"&gt;&lt;SPAN&gt;Planar_Distance_Units:&lt;/SPAN&gt;&lt;/SPAN&gt;&lt;SPAN&gt;&lt;SPAN&gt;survey feet &lt;/SPAN&gt;&lt;/SPAN&gt;&lt;/P&gt;&lt;P&gt;&lt;SPAN STYLE="font-style:italic;"&gt;&lt;SPAN&gt;Geodetic_Model:&lt;/SPAN&gt;&lt;/SPAN&gt;&lt;SPAN /&gt;&lt;SPAN /&gt;&lt;/P&gt;&lt;P&gt;&lt;SPAN STYLE="font-style:italic;"&gt;&lt;SPAN&gt;Horizontal_Datum_Name:&lt;/SPAN&gt;&lt;/SPAN&gt;&lt;SPAN&gt;&lt;SPAN&gt;North American Datum of 1983 &lt;/SPAN&gt;&lt;/SPAN&gt;&lt;/P&gt;&lt;P&gt;&lt;SPAN STYLE="font-style:italic;"&gt;&lt;SPAN&gt;Ellipsoid_Name:&lt;/SPAN&gt;&lt;/SPAN&gt;&lt;SPAN&gt;&lt;SPAN&gt;Geodetic Reference System 80 &lt;/SPAN&gt;&lt;/SPAN&gt;&lt;/P&gt;&lt;P&gt;&lt;SPAN STYLE="font-style:italic;"&gt;&lt;SPAN&gt;Semi-major_Axis:&lt;/SPAN&gt;&lt;/SPAN&gt;&lt;SPAN&gt;&lt;SPAN&gt;6378137.000000 &lt;/SPAN&gt;&lt;/SPAN&gt;&lt;/P&gt;&lt;P&gt;&lt;SPAN STYLE="font-style:italic;"&gt;&lt;SPAN&gt;Denominator_of_Flattening_Ratio:&lt;/SPAN&gt;&lt;/SPAN&gt;&lt;SPAN&gt;&lt;SPAN&gt;298.257222 &lt;/SPAN&gt;&lt;/SPAN&gt;&lt;/P&gt;&lt;P&gt;&lt;SPAN STYLE="font-style:italic;"&gt;&lt;SPAN&gt;Vertical_Coordinate_System_Definition:&lt;/SPAN&gt;&lt;/SPAN&gt;&lt;SPAN /&gt;&lt;SPAN /&gt;&lt;/P&gt;&lt;P&gt;&lt;SPAN STYLE="font-style:italic;"&gt;&lt;SPAN&gt;Altitude_System_Definition:&lt;/SPAN&gt;&lt;/SPAN&gt;&lt;SPAN /&gt;&lt;SPAN /&gt;&lt;/P&gt;&lt;P&gt;&lt;SPAN STYLE="font-style:italic;"&gt;&lt;SPAN&gt;Altitude_Resolution:&lt;/SPAN&gt;&lt;/SPAN&gt;&lt;SPAN&gt;&lt;SPAN&gt;1.000000 &lt;/SPAN&gt;&lt;/SPAN&gt;&lt;/P&gt;&lt;P&gt;&lt;SPAN STYLE="font-style:italic;"&gt;&lt;SPAN&gt;Altitude_Encoding_Method:&lt;/SPAN&gt;&lt;/SPAN&gt;&lt;SPAN /&gt;&lt;SPAN /&gt;&lt;/P&gt;&lt;P&gt;&lt;SPAN&gt;&lt;SPAN&gt;Explicit elevation coordinate included with horizontal coordinates &lt;/SPAN&gt;&lt;/SPAN&gt;&lt;/P&gt;&lt;P STYLE="text-indent:20;"&gt;&lt;SPAN /&gt;&lt;/P&gt;&lt;P STYLE="text-indent:20;"&gt;&lt;SPAN /&gt;&lt;/P&gt;&lt;/DIV&gt;&lt;/DIV&gt;&lt;/DIV&gt;</idAbs><idCredit>Created and Maintained By: Charles Camalt, Aaron Ritz, Jeanette Brugger, Max Steinbrenner

Layer posted by: Streets Department GIS Unit

Contact: Max Steinbrenner - (215)686-5093 - max.steinbrenner@phila.gov
</idCredit><dataExt><geoEle><GeoBndBox esriExtentType="native"><westBL Sync="TRUE">2663613.373151</westBL><eastBL Sync="TRUE">2747362.258474</eastBL><northBL Sync="TRUE">303247.807142</northBL><southBL Sync="TRUE">207711.051694</southBL><exTypeCode Sync="TRUE">1</exTypeCode></GeoBndBox></geoEle></dataExt><geoBox esriExtentType="decdegrees"><westBL Sync="TRUE">-75.273042</westBL><eastBL Sync="TRUE">-74.964063</eastBL><northBL Sync="TRUE">40.138913</northBL><southBL Sync="TRUE">39.869921</southBL><exTypeCode Sync="TRUE">1</exTypeCode></geoBox><resConst><Consts><useLimit>&lt;DIV STYLE="text-align:Left;"&gt;&lt;DIV&gt;&lt;DIV&gt;&lt;P&gt;&lt;SPAN&gt;Distribution_Liability: &lt;/SPAN&gt;&lt;/P&gt;&lt;P&gt;&lt;SPAN&gt;The City of Philadelphia makes no warranty or representation, express or implied, with respect to the quality, content, accuracy, completeness, currency, freedom from computer virus, or non-infringement of proprietary rights, of any of the design, information, text, graphics, images, pages, interfaces, links, software, or other materials and items contained in this dataset. All such items and materials are provided on an "as is" basis, and you are fully and solely responsible for your use of them and for any results or consequences of your use. They have been compiled from a variety of sources, including sources beyond the control of the City of Philadelphia and, and are subject to change without notice from the City of Philadelphia. Commercial use is prohibited without the prior written permission of the City of Philadelphia. In no event shall the City of Philadelphia or their agencies, officers, employees, agents, or representatives, be liable for any direct, indirect, special, punitive, incidental, exemplary or consequential damages arising your accessing or using this data, or otherwise arising from the data or from anything contained in or displayed in this data. Nothing contained in or displayed in this data constitutes or is intended to constitute legal advice by the City of Philadelphia or any of their agencies, officers, employees, agents or representatives. These terms and conditions and all disputes arising under these terms and conditions shall be governed, construed and decided in accordance with the laws of the Commonwealth of Pennsylvania. The City of Philadelphia reserves the right to revise and change these terms and conditions at anytime and without any notice. &lt;/SPAN&gt;&lt;/P&gt;&lt;P&gt;&lt;SPAN /&gt;&lt;/P&gt;&lt;/DIV&gt;&lt;/DIV&gt;&lt;/DIV&gt;</useLimit></Consts></resConst><dataExt><geoEle xmlns=""><GeoBndBox esriExtentType="search"><exTypeCode Sync="TRUE">1</exTypeCode><westBL Sync="TRUE">-75.273042</westBL><eastBL Sync="TRUE">-74.964063</eastBL><northBL Sync="TRUE">40.138913</northBL><southBL Sync="TRUE">39.869921</southBL></GeoBndBox></geoEle></dataExt></dataIdInfo><mdLang><languageCode value="eng"/><countryCode value="USA"/></mdLang><mdChar><CharSetCd value="004"/></mdChar><distInfo><distFormat><formatName>SDE Feature Class</formatName></distFormat><distributor><distorTran><onLineSrc><orDesc Sync="TRUE">002</orDesc><linkage Sync="TRUE">Server=geodb2.phila.gov; Service=esri_sde; User=gis_streets; Version=SDE.DEFAULT</linkage><protocol Sync="TRUE">ArcSDE Connection</protocol></onLineSrc></distorTran><distorFormat><formatName Sync="TRUE">SDE Feature Class</formatName></distorFormat></distributor><distTranOps><transSize Sync="TRUE">0.000</transSize></distTranOps></distInfo><mdHrLv><ScopeCd value="005"/></mdHrLv><mdHrLvName>dataset</mdHrLvName><refSysInfo><RefSystem><refSysID><identCode code="2272"/><idCodeSpace>EPSG</idCodeSpace><idVersion>7.4.1</idVersion></refSysID></RefSystem></refSysInfo><spatRepInfo><VectSpatRep><geometObjs Name="Bike_Network"><geoObjTyp><GeoObjTypCd value="002" Sync="TRUE"></GeoObjTypCd></geoObjTyp><geoObjCnt Sync="TRUE">0</geoObjCnt></geometObjs><topLvl><TopoLevCd value="001" Sync="TRUE"></TopoLevCd></topLvl></VectSpatRep></spatRepInfo><eainfo><detailed Name="Bike_Network"><enttyp><enttypl>GIS_STREETS.Bike_Network</enttypl><enttypt Sync="TRUE">Feature Class</enttypt><enttypc Sync="TRUE">0</enttypc></enttyp><attr><attrlabl Sync="TRUE">FID</attrlabl><attalias Sync="TRUE">FID</attalias><attrtype Sync="TRUE">OID</attrtype><attwidth Sync="TRUE">4</attwidth><atprecis Sync="TRUE">0</atprecis><attscale Sync="TRUE">0</attscale><attrdef Sync="TRUE">Internal feature number.</attrdef><attrdefs Sync="TRUE">Esri</attrdefs><attrdomv><udom Sync="TRUE">Sequential unique whole numbers that are automatically generated.</udom></attrdomv></attr><attr><attrlabl>SEG_ID</attrlabl><attalias Sync="TRUE">SEG_ID</attalias><attrtype Sync="TRUE">Double</attrtype><attwidth Sync="TRUE">10</attwidth><atprecis Sync="TRUE">10</atprecis><attscale Sync="TRUE">0</attscale></attr><attr><attrlabl>STREETNAME</attrlabl><attalias Sync="TRUE">STREETNAME</attalias><attrtype Sync="TRUE">String</attrtype><attwidth Sync="TRUE">38</attwidth><atprecis Sync="TRUE">0</atprecis><attscale Sync="TRUE">0</attscale></attr><attr><attrlabl>ST_CODE</attrlabl><attalias Sync="TRUE">ST_CODE</attalias><attrtype Sync="TRUE">Double</attrtype><attwidth Sync="TRUE">10</attwidth><atprecis Sync="TRUE">10</atprecis><attscale Sync="TRUE">0</attscale></attr><attr><attrlabl>ONEWAY</attrlabl><attalias Sync="TRUE">ONEWAY</attalias><attrtype Sync="TRUE">String</attrtype><attwidth Sync="TRUE">2</attwidth><atprecis Sync="TRUE">0</atprecis><attscale Sync="TRUE">0</attscale></attr><attr><attrlabl>CLASS</attrlabl><attalias Sync="TRUE">CLASS</attalias><attrtype Sync="TRUE">Integer</attrtype><attwidth Sync="TRUE">5</attwidth><atprecis Sync="TRUE">5</atprecis><attscale Sync="TRUE">0</attscale></attr><attr><attrlabl>TYPE</attrlabl><attalias Sync="TRUE">TYPE</attalias><attrtype Sync="TRUE">String</attrtype><attwidth Sync="TRUE">50</attwidth><atprecis Sync="TRUE">0</atprecis><attscale Sync="TRUE">0</attscale></attr><attr><attrlabl>SHAPE</attrlabl><attrdef>Feature geometry.</attrdef><attrdefs>ESRI</attrdefs><attrdomv><udom>Coordinates defining the features.</udom></attrdomv><attalias Sync="TRUE">Shape</attalias><attrtype Sync="TRUE">Geometry</attrtype><attwidth Sync="TRUE">0</attwidth><atprecis Sync="TRUE">0</atprecis><attscale Sync="TRUE">0</attscale></attr><attr><attrlabl Sync="TRUE">SHAPE_LEN</attrlabl><attalias Sync="TRUE">SHAPE_LEN</attalias><attrtype Sync="TRUE">Double</attrtype><attwidth Sync="TRUE">19</attwidth><atprecis Sync="TRUE">0</atprecis><attscale Sync="TRUE">0</attscale></attr></detailed></eainfo><mdDateSt>20120401</mdDateSt><Esri><ArcGISFormat>1.0</ArcGISFormat><ModDate>20140611</ModDate><ModTime>13463900</ModTime><ArcGISProfile>ItemDescription</ArcGISProfile><DataProperties><lineage><Process ToolSource="C:\Program Files\ArcGIS\ArcToolbox\Toolboxes\Data Management Tools.tbx\Append" Date="20120508" Time="113452" Name="" export="">Append E:\gis_data\DatabaseConnections\stsbc104_viewer.sde\SDE.SDE.BIKE_NETWORK E:\gis_data\DatabaseConnections\GEODB2.phila.gov.sde_editor.sde\GIS_STREETS.Bike_Network NO_TEST "SEG_ID 'SEG_ID' true true false 8 Double 0 10 ,First,#,E:\gis_data\DatabaseConnections\stsbc104_viewer.sde\SDE.SDE.BIKE_NETWORK,SEG_ID,-1,-1;STREETNAME 'STREETNAME' true true false 38 Text 0 0 ,First,#;ST_CODE 'ST_CODE' true true false 8 Double 0 10 ,First,#,E:\gis_data\DatabaseConnections\stsbc104_viewer.sde\SDE.SDE.BIKE_NETWORK,ST_CODE,-1,-1;ONEWAY 'ONEWAY' true true false 2 Text 0 0 ,First,#,E:\gis_data\DatabaseConnections\stsbc104_viewer.sde\SDE.SDE.BIKE_NETWORK,ONEWAY,-1,-1;CLASS 'CLASS' true true false 4 Long 0 5 ,First,#,E:\gis_data\DatabaseConnections\stsbc104_viewer.sde\SDE.SDE.BIKE_NETWORK,CLASS,-1,-1;TYPE 'TYPE' true true false 50 Text 0 0 ,First,#,E:\gis_data\DatabaseConnections\stsbc104_viewer.sde\SDE.SDE.BIKE_NETWORK,TYPE,-1,-1;SHAPE.LEN 'SHAPE.LEN' false false true 0 Double 0 0 ,First,#,E:\gis_data\DatabaseConnections\stsbc104_viewer.sde\SDE.SDE.BIKE_NETWORK,Shape.len,-1,-1" # E:\gis_data\DatabaseConnections\GEODB2.phila.gov.sde_editor.sde\GIS_STREETS.Bike_Network</Process><Process ToolSource="C:\Program Files\ArcGIS\ArcToolbox\Toolboxes\Data Management Tools.tbx\Append" Date="20120718" Time="141431" Name="" export="">Append E:\gis_data\DatabaseConnections\stsbc104_viewer.sde\SDE.SDE.BIKE_NETWORK E:\gis_data\DatabaseConnections\GEODB2.phila.gov.sde_editor.sde\GIS_STREETS.Bike_Network NO_TEST "SEG_ID 'SEG_ID' true true false 8 Double 0 10 ,First,#,E:\gis_data\DatabaseConnections\stsbc104_viewer.sde\SDE.SDE.BIKE_NETWORK,SEG_ID,-1,-1;STREETNAME 'STREETNAME' true true false 38 Text 0 0 ,First,#,E:\gis_data\DatabaseConnections\stsbc104_viewer.sde\SDE.SDE.BIKE_NETWORK,STREETNAME,-1,-1;ST_CODE 'ST_CODE' true true false 8 Double 0 10 ,First,#,E:\gis_data\DatabaseConnections\stsbc104_viewer.sde\SDE.SDE.BIKE_NETWORK,ST_CODE,-1,-1;ONEWAY 'ONEWAY' true true false 2 Text 0 0 ,First,#,E:\gis_data\DatabaseConnections\stsbc104_viewer.sde\SDE.SDE.BIKE_NETWORK,ONEWAY,-1,-1;CLASS 'CLASS' true true false 4 Long 0 5 ,First,#,E:\gis_data\DatabaseConnections\stsbc104_viewer.sde\SDE.SDE.BIKE_NETWORK,CLASS,-1,-1;TYPE 'TYPE' true true false 50 Text 0 0 ,First,#,E:\gis_data\DatabaseConnections\stsbc104_viewer.sde\SDE.SDE.BIKE_NETWORK,TYPE,-1,-1;SHAPE.LEN 'SHAPE.LEN' false false true 0 Double 0 0 ,First,#,E:\gis_data\DatabaseConnections\stsbc104_viewer.sde\SDE.SDE.BIKE_NETWORK,Shape.len,-1,-1" # E:\gis_data\DatabaseConnections\GEODB2.phila.gov.sde_editor.sde\GIS_STREETS.Bike_Network</Process><Process ToolSource="C:\Program Files\ArcGIS\ArcToolbox\Toolboxes\Data Management Tools.tbx\Append" Date="20120922" Time="093655" Name="" export="">Append E:\gis_data\DatabaseConnections\stsbc104_viewer.sde\SDE.SDE.BIKE_NETWORK E:\gis_data\DatabaseConnections\GEODB2.phila.gov.sde_editor.sde\GIS_STREETS.Bike_Network NO_TEST "SEG_ID 'SEG_ID' true true false 8 Double 0 10 ,First,#,E:\gis_data\DatabaseConnections\stsbc104_viewer.sde\SDE.SDE.BIKE_NETWORK,SEG_ID,-1,-1;STREETNAME 'STREETNAME' true true false 38 Text 0 0 ,First,#,E:\gis_data\DatabaseConnections\stsbc104_viewer.sde\SDE.SDE.BIKE_NETWORK,STREETNAME,-1,-1;ST_CODE 'ST_CODE' true true false 8 Double 0 10 ,First,#,E:\gis_data\DatabaseConnections\stsbc104_viewer.sde\SDE.SDE.BIKE_NETWORK,ST_CODE,-1,-1;ONEWAY 'ONEWAY' true true false 2 Text 0 0 ,First,#,E:\gis_data\DatabaseConnections\stsbc104_viewer.sde\SDE.SDE.BIKE_NETWORK,ONEWAY,-1,-1;CLASS 'CLASS' true true false 4 Long 0 5 ,First,#,E:\gis_data\DatabaseConnections\stsbc104_viewer.sde\SDE.SDE.BIKE_NETWORK,CLASS,-1,-1;TYPE 'TYPE' true true false 50 Text 0 0 ,First,#,E:\gis_data\DatabaseConnections\stsbc104_viewer.sde\SDE.SDE.BIKE_NETWORK,TYPE,-1,-1;SHAPE.LEN 'SHAPE.LEN' false false true 0 Double 0 0 ,First,#,E:\gis_data\DatabaseConnections\stsbc104_viewer.sde\SDE.SDE.BIKE_NETWORK,Shape.len,-1,-1" # E:\gis_data\DatabaseConnections\GEODB2.phila.gov.sde_editor.sde\GIS_STREETS.Bike_Network</Process><Process ToolSource="C:\Program Files\ArcGIS\ArcToolbox\Toolboxes\Data Management Tools.tbx\Append" Date="20121210" Time="010754" Name="" export="">Append E:\gis_data\DatabaseConnections\stsbc104_viewer.sde\SDE.SDE.BIKE_NETWORK E:\gis_data\DatabaseConnections\GEODB2.phila.gov.sde_editor.sde\GIS_STREETS.Bike_Network NO_TEST "SEG_ID 'SEG_ID' true true false 8 Double 0 10 ,First,#,E:\gis_data\DatabaseConnections\stsbc104_viewer.sde\SDE.SDE.BIKE_NETWORK,SEG_ID,-1,-1;STREETNAME 'STREETNAME' true true false 38 Text 0 0 ,First,#,E:\gis_data\DatabaseConnections\stsbc104_viewer.sde\SDE.SDE.BIKE_NETWORK,STREETNAME,-1,-1;ST_CODE 'ST_CODE' true true false 8 Double 0 10 ,First,#,E:\gis_data\DatabaseConnections\stsbc104_viewer.sde\SDE.SDE.BIKE_NETWORK,ST_CODE,-1,-1;ONEWAY 'ONEWAY' true true false 2 Text 0 0 ,First,#,E:\gis_data\DatabaseConnections\stsbc104_viewer.sde\SDE.SDE.BIKE_NETWORK,ONEWAY,-1,-1;CLASS 'CLASS' true true false 4 Long 0 5 ,First,#,E:\gis_data\DatabaseConnections\stsbc104_viewer.sde\SDE.SDE.BIKE_NETWORK,CLASS,-1,-1;TYPE 'TYPE' true true false 50 Text 0 0 ,First,#,E:\gis_data\DatabaseConnections\stsbc104_viewer.sde\SDE.SDE.BIKE_NETWORK,TYPE,-1,-1;SHAPE.LEN 'SHAPE.LEN' false false true 0 Double 0 0 ,First,#,E:\gis_data\DatabaseConnections\stsbc104_viewer.sde\SDE.SDE.BIKE_NETWORK,Shape.len,-1,-1" # E:\gis_data\DatabaseConnections\GEODB2.phila.gov.sde_editor.sde\GIS_STREETS.Bike_Network</Process><Process ToolSource="C:\Program Files\ArcGIS\ArcToolbox\Toolboxes\Data Management Tools.tbx\Append" Date="20130210" Time="090617" Name="" export="">Append E:\gis_data\DatabaseConnections\stsbc104_viewer.sde\SDE.SDE.BIKE_NETWORK E:\gis_data\DatabaseConnections\GEODB2.phila.gov.sde_editor.sde\GIS_STREETS.Bike_Network NO_TEST "SEG_ID 'SEG_ID' true true false 8 Double 0 10 ,First,#,E:\gis_data\DatabaseConnections\stsbc104_viewer.sde\SDE.SDE.BIKE_NETWORK,SEG_ID,-1,-1;STREETNAME 'STREETNAME' true true false 38 Text 0 0 ,First,#,E:\gis_data\DatabaseConnections\stsbc104_viewer.sde\SDE.SDE.BIKE_NETWORK,STREETNAME,-1,-1;ST_CODE 'ST_CODE' true true false 8 Double 0 10 ,First,#,E:\gis_data\DatabaseConnections\stsbc104_viewer.sde\SDE.SDE.BIKE_NETWORK,ST_CODE,-1,-1;ONEWAY 'ONEWAY' true true false 2 Text 0 0 ,First,#,E:\gis_data\DatabaseConnections\stsbc104_viewer.sde\SDE.SDE.BIKE_NETWORK,ONEWAY,-1,-1;CLASS 'CLASS' true true false 4 Long 0 5 ,First,#,E:\gis_data\DatabaseConnections\stsbc104_viewer.sde\SDE.SDE.BIKE_NETWORK,CLASS,-1,-1;TYPE 'TYPE' true true false 50 Text 0 0 ,First,#,E:\gis_data\DatabaseConnections\stsbc104_viewer.sde\SDE.SDE.BIKE_NETWORK,TYPE,-1,-1;SHAPE.LEN 'SHAPE.LEN' false false true 0 Double 0 0 ,First,#,E:\gis_data\DatabaseConnections\stsbc104_viewer.sde\SDE.SDE.BIKE_NETWORK,Shape.len,-1,-1" # E:\gis_data\DatabaseConnections\GEODB2.phila.gov.sde_editor.sde\GIS_STREETS.Bike_Network</Process><Process ToolSource="C:\Program Files\ArcGIS\ArcToolbox\Toolboxes\Data Management Tools.tbx\Append" Date="20130413" Time="120959" Name="" export="">Append E:\gis_data\DatabaseConnections\stsbc104_viewer.sde\SDE.SDE.BIKE_NETWORK E:\gis_data\DatabaseConnections\GEODB2.phila.gov.sde_editor.sde\GIS_STREETS.Bike_Network NO_TEST "SEG_ID 'SEG_ID' true true false 8 Double 0 10 ,First,#,E:\gis_data\DatabaseConnections\stsbc104_viewer.sde\SDE.SDE.BIKE_NETWORK,SEG_ID,-1,-1;STREETNAME 'STREETNAME' true true false 38 Text 0 0 ,First,#,E:\gis_data\DatabaseConnections\stsbc104_viewer.sde\SDE.SDE.BIKE_NETWORK,STREETNAME,-1,-1;ST_CODE 'ST_CODE' true true false 8 Double 0 10 ,First,#,E:\gis_data\DatabaseConnections\stsbc104_viewer.sde\SDE.SDE.BIKE_NETWORK,ST_CODE,-1,-1;ONEWAY 'ONEWAY' true true false 2 Text 0 0 ,First,#,E:\gis_data\DatabaseConnections\stsbc104_viewer.sde\SDE.SDE.BIKE_NETWORK,ONEWAY,-1,-1;CLASS 'CLASS' true true false 4 Long 0 5 ,First,#,E:\gis_data\DatabaseConnections\stsbc104_viewer.sde\SDE.SDE.BIKE_NETWORK,CLASS,-1,-1;TYPE 'TYPE' true true false 50 Text 0 0 ,First,#,E:\gis_data\DatabaseConnections\stsbc104_viewer.sde\SDE.SDE.BIKE_NETWORK,TYPE,-1,-1;SHAPE.LEN 'SHAPE.LEN' false false true 0 Double 0 0 ,First,#,E:\gis_data\DatabaseConnections\stsbc104_viewer.sde\SDE.SDE.BIKE_NETWORK,Shape.len,-1,-1" # E:\gis_data\DatabaseConnections\GEODB2.phila.gov.sde_editor.sde\GIS_STREETS.Bike_Network</Process><Process ToolSource="C:\Program Files\ArcGIS\ArcToolbox\Toolboxes\Data Management Tools.tbx\Append" Date="20130610" Time="120238" Name="" export="">Append E:\gis_data\DatabaseConnections\stsbc104_viewer.sde\SDE.SDE.BIKE_NETWORK E:\gis_data\DatabaseConnections\GEODB2.phila.gov.sde_editor.sde\GIS_STREETS.Bike_Network NO_TEST "SEG_ID 'SEG_ID' true true false 8 Double 0 10 ,First,#,E:\gis_data\DatabaseConnections\stsbc104_viewer.sde\SDE.SDE.BIKE_NETWORK,SEG_ID,-1,-1;STREETNAME 'STREETNAME' true true false 38 Text 0 0 ,First,#,E:\gis_data\DatabaseConnections\stsbc104_viewer.sde\SDE.SDE.BIKE_NETWORK,STREETNAME,-1,-1;ST_CODE 'ST_CODE' true true false 8 Double 0 10 ,First,#,E:\gis_data\DatabaseConnections\stsbc104_viewer.sde\SDE.SDE.BIKE_NETWORK,ST_CODE,-1,-1;ONEWAY 'ONEWAY' true true false 2 Text 0 0 ,First,#,E:\gis_data\DatabaseConnections\stsbc104_viewer.sde\SDE.SDE.BIKE_NETWORK,ONEWAY,-1,-1;CLASS 'CLASS' true true false 4 Long 0 5 ,First,#,E:\gis_data\DatabaseConnections\stsbc104_viewer.sde\SDE.SDE.BIKE_NETWORK,CLASS,-1,-1;TYPE 'TYPE' true true false 50 Text 0 0 ,First,#,E:\gis_data\DatabaseConnections\stsbc104_viewer.sde\SDE.SDE.BIKE_NETWORK,TYPE,-1,-1;SHAPE.LEN 'SHAPE.LEN' false false true 0 Double 0 0 ,First,#,E:\gis_data\DatabaseConnections\stsbc104_viewer.sde\SDE.SDE.BIKE_NETWORK,Shape.len,-1,-1" # E:\gis_data\DatabaseConnections\GEODB2.phila.gov.sde_editor.sde\GIS_STREETS.Bike_Network</Process><Process ToolSource="C:\Program Files\ArcGIS\ArcToolbox\Toolboxes\Data Management Tools.tbx\Append" Date="20130616" Time="214744" Name="" export="">Append E:\gis_data\DatabaseConnections\stsbc104_viewer.sde\SDE.SDE.BIKE_NETWORK E:\gis_data\DatabaseConnections\GEODB2.phila.gov.sde_editor.sde\GIS_STREETS.Bike_Network NO_TEST "SEG_ID 'SEG_ID' true true false 8 Double 0 10 ,First,#,E:\gis_data\DatabaseConnections\stsbc104_viewer.sde\SDE.SDE.BIKE_NETWORK,SEG_ID,-1,-1;STREETNAME 'STREETNAME' true true false 38 Text 0 0 ,First,#,E:\gis_data\DatabaseConnections\stsbc104_viewer.sde\SDE.SDE.BIKE_NETWORK,STREETNAME,-1,-1;ST_CODE 'ST_CODE' true true false 8 Double 0 10 ,First,#,E:\gis_data\DatabaseConnections\stsbc104_viewer.sde\SDE.SDE.BIKE_NETWORK,ST_CODE,-1,-1;ONEWAY 'ONEWAY' true true false 2 Text 0 0 ,First,#,E:\gis_data\DatabaseConnections\stsbc104_viewer.sde\SDE.SDE.BIKE_NETWORK,ONEWAY,-1,-1;CLASS 'CLASS' true true false 4 Long 0 5 ,First,#,E:\gis_data\DatabaseConnections\stsbc104_viewer.sde\SDE.SDE.BIKE_NETWORK,CLASS,-1,-1;TYPE 'TYPE' true true false 50 Text 0 0 ,First,#,E:\gis_data\DatabaseConnections\stsbc104_viewer.sde\SDE.SDE.BIKE_NETWORK,TYPE,-1,-1;SHAPE.LEN 'SHAPE.LEN' false false true 0 Double 0 0 ,First,#,E:\gis_data\DatabaseConnections\stsbc104_viewer.sde\SDE.SDE.BIKE_NETWORK,Shape.len,-1,-1" # E:\gis_data\DatabaseConnections\GEODB2.phila.gov.sde_editor.sde\GIS_STREETS.Bike_Network</Process><Process ToolSource="C:\Program Files\ArcGIS\ArcToolbox\Toolboxes\Data Management Tools.tbx\Append" Date="20130811" Time="122302" Name="" export="">Append E:\gis_data\DatabaseConnections\stsbc104_viewer.sde\SDE.SDE.BIKE_NETWORK E:\gis_data\DatabaseConnections\GEODB2.phila.gov.sde_editor.sde\GIS_STREETS.Bike_Network NO_TEST "SEG_ID 'SEG_ID' true true false 8 Double 0 10 ,First,#,E:\gis_data\DatabaseConnections\stsbc104_viewer.sde\SDE.SDE.BIKE_NETWORK,SEG_ID,-1,-1;STREETNAME 'STREETNAME' true true false 38 Text 0 0 ,First,#,E:\gis_data\DatabaseConnections\stsbc104_viewer.sde\SDE.SDE.BIKE_NETWORK,STREETNAME,-1,-1;ST_CODE 'ST_CODE' true true false 8 Double 0 10 ,First,#,E:\gis_data\DatabaseConnections\stsbc104_viewer.sde\SDE.SDE.BIKE_NETWORK,ST_CODE,-1,-1;ONEWAY 'ONEWAY' true true false 2 Text 0 0 ,First,#,E:\gis_data\DatabaseConnections\stsbc104_viewer.sde\SDE.SDE.BIKE_NETWORK,ONEWAY,-1,-1;CLASS 'CLASS' true true false 4 Long 0 5 ,First,#,E:\gis_data\DatabaseConnections\stsbc104_viewer.sde\SDE.SDE.BIKE_NETWORK,CLASS,-1,-1;TYPE 'TYPE' true true false 50 Text 0 0 ,First,#,E:\gis_data\DatabaseConnections\stsbc104_viewer.sde\SDE.SDE.BIKE_NETWORK,TYPE,-1,-1;SHAPE.LEN 'SHAPE.LEN' false false true 0 Double 0 0 ,First,#,E:\gis_data\DatabaseConnections\stsbc104_viewer.sde\SDE.SDE.BIKE_NETWORK,Shape.len,-1,-1" # E:\gis_data\DatabaseConnections\GEODB2.phila.gov.sde_editor.sde\GIS_STREETS.Bike_Network</Process><Process ToolSource="C:\Program Files\ArcGIS\ArcToolbox\Toolboxes\Data Management Tools.tbx\Append" Date="20131006" Time="135147" Name="" export="">Append E:\gis_data\DatabaseConnections\stsbc104_viewer.sde\SDE.SDE.BIKE_NETWORK E:\gis_data\DatabaseConnections\GEODB2.phila.gov.sde_editor.sde\GIS_STREETS.Bike_Network NO_TEST "SEG_ID 'SEG_ID' true true false 8 Double 0 10 ,First,#,E:\gis_data\DatabaseConnections\stsbc104_viewer.sde\SDE.SDE.BIKE_NETWORK,SEG_ID,-1,-1;STREETNAME 'STREETNAME' true true false 38 Text 0 0 ,First,#,E:\gis_data\DatabaseConnections\stsbc104_viewer.sde\SDE.SDE.BIKE_NETWORK,STREETNAME,-1,-1;ST_CODE 'ST_CODE' true true false 8 Double 0 10 ,First,#,E:\gis_data\DatabaseConnections\stsbc104_viewer.sde\SDE.SDE.BIKE_NETWORK,ST_CODE,-1,-1;ONEWAY 'ONEWAY' true true false 2 Text 0 0 ,First,#,E:\gis_data\DatabaseConnections\stsbc104_viewer.sde\SDE.SDE.BIKE_NETWORK,ONEWAY,-1,-1;CLASS 'CLASS' true true false 4 Long 0 5 ,First,#,E:\gis_data\DatabaseConnections\stsbc104_viewer.sde\SDE.SDE.BIKE_NETWORK,CLASS,-1,-1;TYPE 'TYPE' true true false 50 Text 0 0 ,First,#,E:\gis_data\DatabaseConnections\stsbc104_viewer.sde\SDE.SDE.BIKE_NETWORK,TYPE,-1,-1;SHAPE.LEN 'SHAPE.LEN' false false true 0 Double 0 0 ,First,#,E:\gis_data\DatabaseConnections\stsbc104_viewer.sde\SDE.SDE.BIKE_NETWORK,Shape.len,-1,-1" # E:\gis_data\DatabaseConnections\GEODB2.phila.gov.sde_editor.sde\GIS_STREETS.Bike_Network</Process><Process ToolSource="c:\program files (x86)\arcgis\desktop10.1\ArcToolbox\Toolboxes\Data Management Tools.tbx\TruncateTable" Date="20131027" Time="233519" Name="" export="">TruncateTable E:\gis_data\DatabaseConnections\GEODB2.oracle.directconnect_Poweruser.sde\GIS_STREETS.Bike_Network</Process><Process ToolSource="c:\program files (x86)\arcgis\desktop10.1\ArcToolbox\Toolboxes\Data Management Tools.tbx\TruncateTable" Date="20131027" Time="235503" Name="" export="">TruncateTable E:\gis_data\DatabaseConnections\GEODB2.oracle.directconnect_Poweruser.sde\GIS_STREETS.Bike_Network</Process><Process ToolSource="c:\program files (x86)\arcgis\desktop10.1\ArcToolbox\Toolboxes\Data Management Tools.tbx\TruncateTable" Date="20131027" Time="235925" Name="" export="">TruncateTable E:\gis_data\DatabaseConnections\GEODB2.oracle.directconnect_Poweruser.sde\GIS_STREETS.Bike_Network</Process><Process ToolSource="C:\Program Files\ArcGIS\ArcToolbox\Toolboxes\Data Management Tools.tbx\Append" Date="20131223" Time="164549" Name="" export="">Append E:\gis_data\DatabaseConnections\stsbc104_viewer.sde\SDE.SDE.BIKE_NETWORK E:\gis_data\DatabaseConnections\GEODB2.phila.gov.sde_editor.sde\GIS_STREETS.Bike_Network NO_TEST "SEG_ID 'SEG_ID' true true false 8 Double 0 10 ,First,#,E:\gis_data\DatabaseConnections\stsbc104_viewer.sde\SDE.SDE.BIKE_NETWORK,SEG_ID,-1,-1;STREETNAME 'STREETNAME' true true false 38 Text 0 0 ,First,#,E:\gis_data\DatabaseConnections\stsbc104_viewer.sde\SDE.SDE.BIKE_NETWORK,STREETNAME,-1,-1;ST_CODE 'ST_CODE' true true false 8 Double 0 10 ,First,#,E:\gis_data\DatabaseConnections\stsbc104_viewer.sde\SDE.SDE.BIKE_NETWORK,ST_CODE,-1,-1;ONEWAY 'ONEWAY' true true false 2 Text 0 0 ,First,#,E:\gis_data\DatabaseConnections\stsbc104_viewer.sde\SDE.SDE.BIKE_NETWORK,ONEWAY,-1,-1;CLASS 'CLASS' true true false 4 Long 0 5 ,First,#,E:\gis_data\DatabaseConnections\stsbc104_viewer.sde\SDE.SDE.BIKE_NETWORK,CLASS,-1,-1;TYPE 'TYPE' true true false 50 Text 0 0 ,First,#,E:\gis_data\DatabaseConnections\stsbc104_viewer.sde\SDE.SDE.BIKE_NETWORK,TYPE,-1,-1;SHAPE.LEN 'SHAPE.LEN' false false true 0 Double 0 0 ,First,#,E:\gis_data\DatabaseConnections\stsbc104_viewer.sde\SDE.SDE.BIKE_NETWORK,Shape.len,-1,-1" # E:\gis_data\DatabaseConnections\GEODB2.phila.gov.sde_editor.sde\GIS_STREETS.Bike_Network</Process><Process ToolSource="c:\program files (x86)\arcgis\desktop10.1\ArcToolbox\Toolboxes\Data Management Tools.tbx\TruncateTable" Date="20140116" Time="123450" Name="" export="">TruncateTable e:\gis_data\DatabaseConnections\GEODB2.oracle.directconnect_Poweruser.sde\GIS_STREETS.Bike_Network</Process><Process ToolSource="C:\Program Files\ArcGIS\ArcToolbox\Toolboxes\Data Management Tools.tbx\Append" Date="20140209" Time="114745" Name="" export="">Append E:\gis_data\DatabaseConnections\stsbc104_viewer.sde\SDE.SDE.BIKE_NETWORK E:\gis_data\DatabaseConnections\GEODB2.phila.gov.sde_editor.sde\GIS_STREETS.Bike_Network NO_TEST "SEG_ID 'SEG_ID' true true false 8 Double 0 10 ,First,#,E:\gis_data\DatabaseConnections\stsbc104_viewer.sde\SDE.SDE.BIKE_NETWORK,SEG_ID,-1,-1;STREETNAME 'STREETNAME' true true false 38 Text 0 0 ,First,#,E:\gis_data\DatabaseConnections\stsbc104_viewer.sde\SDE.SDE.BIKE_NETWORK,STREETNAME,-1,-1;ST_CODE 'ST_CODE' true true false 8 Double 0 10 ,First,#,E:\gis_data\DatabaseConnections\stsbc104_viewer.sde\SDE.SDE.BIKE_NETWORK,ST_CODE,-1,-1;ONEWAY 'ONEWAY' true true false 2 Text 0 0 ,First,#,E:\gis_data\DatabaseConnections\stsbc104_viewer.sde\SDE.SDE.BIKE_NETWORK,ONEWAY,-1,-1;CLASS 'CLASS' true true false 4 Long 0 5 ,First,#,E:\gis_data\DatabaseConnections\stsbc104_viewer.sde\SDE.SDE.BIKE_NETWORK,CLASS,-1,-1;TYPE 'TYPE' true true false 50 Text 0 0 ,First,#,E:\gis_data\DatabaseConnections\stsbc104_viewer.sde\SDE.SDE.BIKE_NETWORK,TYPE,-1,-1;SHAPE.LEN 'SHAPE.LEN' false false true 0 Double 0 0 ,First,#,E:\gis_data\DatabaseConnections\stsbc104_viewer.sde\SDE.SDE.BIKE_NETWORK,Shape.len,-1,-1" # E:\gis_data\DatabaseConnections\GEODB2.phila.gov.sde_editor.sde\GIS_STREETS.Bike_Network</Process><Process ToolSource="C:\Program Files\ArcGIS\ArcToolbox\Toolboxes\Data Management Tools.tbx\Append" Date="20140306" Time="081917" Name="" export="">Append E:\gis_data\DatabaseConnections\stsbc104_viewer.sde\SDE.SDE.BIKE_NETWORK E:\gis_data\DatabaseConnections\GEODB2.phila.gov.sde_editor.sde\GIS_STREETS.Bike_Network NO_TEST "SEG_ID 'SEG_ID' true true false 8 Double 0 10 ,First,#,E:\gis_data\DatabaseConnections\stsbc104_viewer.sde\SDE.SDE.BIKE_NETWORK,SEG_ID,-1,-1;STREETNAME 'STREETNAME' true true false 38 Text 0 0 ,First,#,E:\gis_data\DatabaseConnections\stsbc104_viewer.sde\SDE.SDE.BIKE_NETWORK,STREETNAME,-1,-1;ST_CODE 'ST_CODE' true true false 8 Double 0 10 ,First,#,E:\gis_data\DatabaseConnections\stsbc104_viewer.sde\SDE.SDE.BIKE_NETWORK,ST_CODE,-1,-1;ONEWAY 'ONEWAY' true true false 2 Text 0 0 ,First,#,E:\gis_data\DatabaseConnections\stsbc104_viewer.sde\SDE.SDE.BIKE_NETWORK,ONEWAY,-1,-1;CLASS 'CLASS' true true false 4 Long 0 5 ,First,#,E:\gis_data\DatabaseConnections\stsbc104_viewer.sde\SDE.SDE.BIKE_NETWORK,CLASS,-1,-1;TYPE 'TYPE' true true false 50 Text 0 0 ,First,#,E:\gis_data\DatabaseConnections\stsbc104_viewer.sde\SDE.SDE.BIKE_NETWORK,TYPE,-1,-1;SHAPE.LEN 'SHAPE.LEN' false false true 0 Double 0 0 ,First,#,E:\gis_data\DatabaseConnections\stsbc104_viewer.sde\SDE.SDE.BIKE_NETWORK,Shape.len,-1,-1" # E:\gis_data\DatabaseConnections\GEODB2.phila.gov.sde_editor.sde\GIS_STREETS.Bike_Network</Process><Process ToolSource="C:\Program Files\ArcGIS\ArcToolbox\Toolboxes\Data Management Tools.tbx\Append" Date="20140405" Time="102526" Name="" export="">Append E:\gis_data\DatabaseConnections\stsbc104_viewer.sde\SDE.SDE.BIKE_NETWORK E:\gis_data\DatabaseConnections\GEODB2.phila.gov.sde_editor.sde\GIS_STREETS.Bike_Network NO_TEST "SEG_ID 'SEG_ID' true true false 8 Double 0 10 ,First,#,E:\gis_data\DatabaseConnections\stsbc104_viewer.sde\SDE.SDE.BIKE_NETWORK,SEG_ID,-1,-1;STREETNAME 'STREETNAME' true true false 38 Text 0 0 ,First,#,E:\gis_data\DatabaseConnections\stsbc104_viewer.sde\SDE.SDE.BIKE_NETWORK,STREETNAME,-1,-1;ST_CODE 'ST_CODE' true true false 8 Double 0 10 ,First,#,E:\gis_data\DatabaseConnections\stsbc104_viewer.sde\SDE.SDE.BIKE_NETWORK,ST_CODE,-1,-1;ONEWAY 'ONEWAY' true true false 2 Text 0 0 ,First,#,E:\gis_data\DatabaseConnections\stsbc104_viewer.sde\SDE.SDE.BIKE_NETWORK,ONEWAY,-1,-1;CLASS 'CLASS' true true false 4 Long 0 5 ,First,#,E:\gis_data\DatabaseConnections\stsbc104_viewer.sde\SDE.SDE.BIKE_NETWORK,CLASS,-1,-1;TYPE 'TYPE' true true false 50 Text 0 0 ,First,#,E:\gis_data\DatabaseConnections\stsbc104_viewer.sde\SDE.SDE.BIKE_NETWORK,TYPE,-1,-1;SHAPE.LEN 'SHAPE.LEN' false false true 0 Double 0 0 ,First,#,E:\gis_data\DatabaseConnections\stsbc104_viewer.sde\SDE.SDE.BIKE_NETWORK,Shape.len,-1,-1" # E:\gis_data\DatabaseConnections\GEODB2.phila.gov.sde_editor.sde\GIS_STREETS.Bike_Network</Process><Process ToolSource="c:\program files (x86)\arcgis\desktop10.1\ArcToolbox\Toolboxes\Data Management Tools.tbx\TruncateTable" Date="20140507" Time="104302">TruncateTable e:\gis_data\DatabaseConnections\GEODB2.oracle.directconnect_Poweruser.sde\GIS_STREETS.Bike_Network</Process><Process ToolSource="c:\program files (x86)\arcgis\desktop10.1\ArcToolbox\Toolboxes\Data Management Tools.tbx\TruncateTable" Date="20140507" Time="104409">TruncateTable e:\gis_data\DatabaseConnections\GEODB2.oracle.directconnect_Poweruser.sde\GIS_STREETS.Bike_Network</Process><Process ToolSource="c:\program files (x86)\arcgis\desktop10.1\ArcToolbox\Toolboxes\Data Management Tools.tbx\Append" Date="20140507" Time="104431">Append e:\gis_data\DatabaseConnections\stssql201_StreetsGIS_viewer.sde\StreetsGIS.GIS.VW_BIKE_NETWORK e:\gis_data\DatabaseConnections\GEODB2.oracle.directconnect_Poweruser.sde\GIS_STREETS.Bike_Network NO_TEST "SEG_ID "SEG_ID" true true false 8 Double 0 10 ,First,#,e:\gis_data\DatabaseConnections\stssql201_StreetsGIS_viewer.sde\StreetsGIS.GIS.VW_BIKE_NETWORK,SEG_ID,-1,-1;STREETNAME "STREETNAME" true true false 38 Text 0 0 ,First,#,e:\gis_data\DatabaseConnections\stssql201_StreetsGIS_viewer.sde\StreetsGIS.GIS.VW_BIKE_NETWORK,STREETNAME,-1,-1;ST_CODE "ST_CODE" true true false 8 Double 0 10 ,First,#,e:\gis_data\DatabaseConnections\stssql201_StreetsGIS_viewer.sde\StreetsGIS.GIS.VW_BIKE_NETWORK,ST_CODE,-1,-1;ONEWAY "ONEWAY" true true false 2 Text 0 0 ,First,#,e:\gis_data\DatabaseConnections\stssql201_StreetsGIS_viewer.sde\StreetsGIS.GIS.VW_BIKE_NETWORK,ONEWAY,-1,-1;CLASS "CLASS" true true false 4 Long 0 5 ,First,#,e:\gis_data\DatabaseConnections\stssql201_StreetsGIS_viewer.sde\StreetsGIS.GIS.VW_BIKE_NETWORK,CLASS,-1,-1;TYPE "TYPE" true true false 50 Text 0 0 ,First,#,e:\gis_data\DatabaseConnections\stssql201_StreetsGIS_viewer.sde\StreetsGIS.GIS.VW_BIKE_NETWORK,TYPE,-1,-1;SHAPE.LEN "SHAPE.LEN" false false true 0 Double 0 0 ,First,#" #</Process><Process ToolSource="c:\program files (x86)\arcgis\desktop10.1\ArcToolbox\Toolboxes\Data Management Tools.tbx\TruncateTable" Date="20140507" Time="105017">TruncateTable e:\gis_data\DatabaseConnections\GEODB2.oracle.directconnect_Poweruser.sde\GIS_STREETS.Bike_Network</Process><Process ToolSource="c:\program files (x86)\arcgis\desktop10.1\ArcToolbox\Toolboxes\Data Management Tools.tbx\Append" Date="20140507" Time="105037">Append e:\gis_data\DatabaseConnections\stssql201_StreetsGIS_viewer.sde\StreetsGIS.GIS.VW_BIKE_NETWORK e:\gis_data\DatabaseConnections\GEODB2.oracle.directconnect_Poweruser.sde\GIS_STREETS.Bike_Network NO_TEST "SEG_ID "SEG_ID" true true false 8 Double 0 10 ,First,#,e:\gis_data\DatabaseConnections\stssql201_StreetsGIS_viewer.sde\StreetsGIS.GIS.VW_BIKE_NETWORK,SEG_ID,-1,-1;STREETNAME "STREETNAME" true true false 38 Text 0 0 ,First,#,e:\gis_data\DatabaseConnections\stssql201_StreetsGIS_viewer.sde\StreetsGIS.GIS.VW_BIKE_NETWORK,STREETNAME,-1,-1;ST_CODE "ST_CODE" true true false 8 Double 0 10 ,First,#,e:\gis_data\DatabaseConnections\stssql201_StreetsGIS_viewer.sde\StreetsGIS.GIS.VW_BIKE_NETWORK,ST_CODE,-1,-1;ONEWAY "ONEWAY" true true false 2 Text 0 0 ,First,#,e:\gis_data\DatabaseConnections\stssql201_StreetsGIS_viewer.sde\StreetsGIS.GIS.VW_BIKE_NETWORK,ONEWAY,-1,-1;CLASS "CLASS" true true false 4 Long 0 5 ,First,#,e:\gis_data\DatabaseConnections\stssql201_StreetsGIS_viewer.sde\StreetsGIS.GIS.VW_BIKE_NETWORK,CLASS,-1,-1;TYPE "TYPE" true true false 50 Text 0 0 ,First,#,e:\gis_data\DatabaseConnections\stssql201_StreetsGIS_viewer.sde\StreetsGIS.GIS.VW_BIKE_NETWORK,TYPE,-1,-1;SHAPE.LEN "SHAPE.LEN" false false true 0 Double 0 0 ,First,#" #</Process><Process ToolSource="c:\program files (x86)\arcgis\desktop10.1\ArcToolbox\Toolboxes\Data Management Tools.tbx\TruncateTable" Date="20140507" Time="115651">TruncateTable e:\gis_data\DatabaseConnections\GEODB2.oracle.directconnect_Poweruser.sde\GIS_STREETS.Bike_Network</Process><Process ToolSource="c:\program files (x86)\arcgis\desktop10.1\ArcToolbox\Toolboxes\Data Management Tools.tbx\Append" Date="20140507" Time="115713">Append e:\gis_data\DatabaseConnections\stssql201_StreetsGIS_viewer.sde\StreetsGIS.GIS.VW_BIKE_NETWORK e:\gis_data\DatabaseConnections\GEODB2.oracle.directconnect_Poweruser.sde\GIS_STREETS.Bike_Network NO_TEST "SEG_ID "SEG_ID" true true false 8 Double 0 10 ,First,#,e:\gis_data\DatabaseConnections\stssql201_StreetsGIS_viewer.sde\StreetsGIS.GIS.VW_BIKE_NETWORK,SEG_ID,-1,-1;STREETNAME "STREETNAME" true true false 38 Text 0 0 ,First,#,e:\gis_data\DatabaseConnections\stssql201_StreetsGIS_viewer.sde\StreetsGIS.GIS.VW_BIKE_NETWORK,STREETNAME,-1,-1;ST_CODE "ST_CODE" true true false 8 Double 0 10 ,First,#,e:\gis_data\DatabaseConnections\stssql201_StreetsGIS_viewer.sde\StreetsGIS.GIS.VW_BIKE_NETWORK,ST_CODE,-1,-1;ONEWAY "ONEWAY" true true false 2 Text 0 0 ,First,#,e:\gis_data\DatabaseConnections\stssql201_StreetsGIS_viewer.sde\StreetsGIS.GIS.VW_BIKE_NETWORK,ONEWAY,-1,-1;CLASS "CLASS" true true false 4 Long 0 5 ,First,#,e:\gis_data\DatabaseConnections\stssql201_StreetsGIS_viewer.sde\StreetsGIS.GIS.VW_BIKE_NETWORK,CLASS,-1,-1;TYPE "TYPE" true true false 50 Text 0 0 ,First,#,e:\gis_data\DatabaseConnections\stssql201_StreetsGIS_viewer.sde\StreetsGIS.GIS.VW_BIKE_NETWORK,TYPE,-1,-1;SHAPE.LEN "SHAPE.LEN" false false true 0 Double 0 0 ,First,#" #</Process><Process ToolSource="c:\program files (x86)\arcgis\desktop10.2\ArcToolbox\Toolboxes\Data Management Tools.tbx\TruncateTable" Date="20140515" Time="123946">TruncateTable e:\gis_data\DatabaseConnections\GEODB2.oracle.directconnect_Poweruser.sde\GIS_STREETS.Bike_Network</Process><Process ToolSource="c:\program files (x86)\arcgis\desktop10.2\ArcToolbox\Toolboxes\Data Management Tools.tbx\Append" Date="20140515" Time="124006">Append e:\gis_data\DatabaseConnections\stssql201_StreetsGIS_viewer.sde\StreetsGIS.GIS.VW_BIKE_NETWORK e:\gis_data\DatabaseConnections\GEODB2.oracle.directconnect_Poweruser.sde\GIS_STREETS.Bike_Network NO_TEST "SEG_ID "SEG_ID" true true false 8 Double 0 10 ,First,#,e:\gis_data\DatabaseConnections\stssql201_StreetsGIS_viewer.sde\StreetsGIS.GIS.VW_BIKE_NETWORK,SEG_ID,-1,-1;STREETNAME "STREETNAME" true true false 38 Text 0 0 ,First,#,e:\gis_data\DatabaseConnections\stssql201_StreetsGIS_viewer.sde\StreetsGIS.GIS.VW_BIKE_NETWORK,STREETNAME,-1,-1;ST_CODE "ST_CODE" true true false 8 Double 0 10 ,First,#,e:\gis_data\DatabaseConnections\stssql201_StreetsGIS_viewer.sde\StreetsGIS.GIS.VW_BIKE_NETWORK,ST_CODE,-1,-1;ONEWAY "ONEWAY" true true false 2 Text 0 0 ,First,#,e:\gis_data\DatabaseConnections\stssql201_StreetsGIS_viewer.sde\StreetsGIS.GIS.VW_BIKE_NETWORK,ONEWAY,-1,-1;CLASS "CLASS" true true false 4 Long 0 5 ,First,#,e:\gis_data\DatabaseConnections\stssql201_StreetsGIS_viewer.sde\StreetsGIS.GIS.VW_BIKE_NETWORK,CLASS,-1,-1;TYPE "TYPE" true true false 50 Text 0 0 ,First,#,e:\gis_data\DatabaseConnections\stssql201_StreetsGIS_viewer.sde\StreetsGIS.GIS.VW_BIKE_NETWORK,TYPE,-1,-1;SHAPE.LEN "SHAPE.LEN" false false true 0 Double 0 0 ,First,#" #</Process><Process ToolSource="c:\program files (x86)\arcgis\desktop10.2\ArcToolbox\Toolboxes\Data Management Tools.tbx\TruncateTable" Date="20140602" Time="141935">TruncateTable e:\gis_data\DatabaseConnections\GEODB2.oracle.directconnect_Poweruser.sde\GIS_STREETS.Bike_Network</Process><Process ToolSource="c:\program files (x86)\arcgis\desktop10.2\ArcToolbox\Toolboxes\Data Management Tools.tbx\Append" Date="20140602" Time="141951">Append e:\gis_data\DatabaseConnections\stssql201_StreetsGIS_viewer.sde\StreetsGIS.GIS.VW_BIKE_NETWORK e:\gis_data\DatabaseConnections\GEODB2.oracle.directconnect_Poweruser.sde\GIS_STREETS.Bike_Network NO_TEST "SEG_ID "SEG_ID" true true false 8 Double 0 10 ,First,#,e:\gis_data\DatabaseConnections\stssql201_StreetsGIS_viewer.sde\StreetsGIS.GIS.VW_BIKE_NETWORK,SEG_ID,-1,-1;STREETNAME "STREETNAME" true true false 38 Text 0 0 ,First,#,e:\gis_data\DatabaseConnections\stssql201_StreetsGIS_viewer.sde\StreetsGIS.GIS.VW_BIKE_NETWORK,STREETNAME,-1,-1;ST_CODE "ST_CODE" true true false 8 Double 0 10 ,First,#,e:\gis_data\DatabaseConnections\stssql201_StreetsGIS_viewer.sde\StreetsGIS.GIS.VW_BIKE_NETWORK,ST_CODE,-1,-1;ONEWAY "ONEWAY" true true false 2 Text 0 0 ,First,#,e:\gis_data\DatabaseConnections\stssql201_StreetsGIS_viewer.sde\StreetsGIS.GIS.VW_BIKE_NETWORK,ONEWAY,-1,-1;CLASS "CLASS" true true false 4 Long 0 5 ,First,#,e:\gis_data\DatabaseConnections\stssql201_StreetsGIS_viewer.sde\StreetsGIS.GIS.VW_BIKE_NETWORK,CLASS,-1,-1;TYPE "TYPE" true true false 50 Text 0 0 ,First,#,e:\gis_data\DatabaseConnections\stssql201_StreetsGIS_viewer.sde\StreetsGIS.GIS.VW_BIKE_NETWORK,TYPE,-1,-1;SHAPE.LEN "SHAPE.LEN" false false true 0 Double 0 0 ,First,#" #</Process><Process ToolSource="c:\program files (x86)\arcgis\desktop10.2\ArcToolbox\Toolboxes\Data Management Tools.tbx\TruncateTable" Date="20140608" Time="082408">TruncateTable e:\gis_data\DatabaseConnections\GEODB2.oracle.directconnect_Poweruser.sde\GIS_STREETS.Bike_Network</Process><Process ToolSource="c:\program files (x86)\arcgis\desktop10.2\ArcToolbox\Toolboxes\Data Management Tools.tbx\Append" Date="20140608" Time="082425">Append e:\gis_data\DatabaseConnections\stssql201_StreetsGIS_viewer.sde\StreetsGIS.GIS.VW_BIKE_NETWORK e:\gis_data\DatabaseConnections\GEODB2.oracle.directconnect_Poweruser.sde\GIS_STREETS.Bike_Network NO_TEST "SEG_ID "SEG_ID" true true false 8 Double 0 10 ,First,#,e:\gis_data\DatabaseConnections\stssql201_StreetsGIS_viewer.sde\StreetsGIS.GIS.VW_BIKE_NETWORK,SEG_ID,-1,-1;STREETNAME "STREETNAME" true true false 38 Text 0 0 ,First,#,e:\gis_data\DatabaseConnections\stssql201_StreetsGIS_viewer.sde\StreetsGIS.GIS.VW_BIKE_NETWORK,STREETNAME,-1,-1;ST_CODE "ST_CODE" true true false 8 Double 0 10 ,First,#,e:\gis_data\DatabaseConnections\stssql201_StreetsGIS_viewer.sde\StreetsGIS.GIS.VW_BIKE_NETWORK,ST_CODE,-1,-1;ONEWAY "ONEWAY" true true false 2 Text 0 0 ,First,#,e:\gis_data\DatabaseConnections\stssql201_StreetsGIS_viewer.sde\StreetsGIS.GIS.VW_BIKE_NETWORK,ONEWAY,-1,-1;CLASS "CLASS" true true false 4 Long 0 5 ,First,#,e:\gis_data\DatabaseConnections\stssql201_StreetsGIS_viewer.sde\StreetsGIS.GIS.VW_BIKE_NETWORK,CLASS,-1,-1;TYPE "TYPE" true true false 50 Text 0 0 ,First,#,e:\gis_data\DatabaseConnections\stssql201_StreetsGIS_viewer.sde\StreetsGIS.GIS.VW_BIKE_NETWORK,TYPE,-1,-1;SHAPE.LEN "SHAPE.LEN" false false true 0 Double 0 0 ,First,#" #</Process><Process ToolSource="c:\program files (x86)\arcgis\desktop10.2\ArcToolbox\Toolboxes\Data Management Tools.tbx\CopyFeatures" Date="20140611" Time="134640">CopyFeatures temp_layer E:\gis_work\Streets_GIS\GitHub\Bike_Network\shapefile\temp\Bike_Network.shp # 0 0 0</Process><Process ToolSource="c:\program files (x86)\arcgis\desktop10.2\ArcToolbox\Toolboxes\Data Management Tools.tbx\Project" Date="20140611" Time="134644">Project E:\gis_work\Streets_GIS\GitHub\Bike_Network\shapefile\temp\Bike_Network.shp E:\gis_work\Streets_GIS\GitHub\Bike_Network\shapefile\Bike_Network.shp GEOGCS['GCS_WGS_1984',DATUM['D_WGS_1984',SPHEROID['WGS_1984',6378137.0,298.257223563]],PRIMEM['Greenwich',0.0],UNIT['Degree',0.0174532925199433]] WGS_1984_(ITRF00)_To_NAD_1983 PROJCS['NAD_1983_StatePlane_Pennsylvania_South_FIPS_3702_Feet',GEOGCS['GCS_North_American_1983',DATUM['D_North_American_1983',SPHEROID['GRS_1980',6378137.0,298.257222101]],PRIMEM['Greenwich',0.0],UNIT['Degree',0.0174532925199433]],PROJECTION['Lambert_Conformal_Conic'],PARAMETER['False_Easting',1968500.0],PARAMETER['False_Northing',0.0],PARAMETER['Central_Meridian',-77.75],PARAMETER['Standard_Parallel_1',39.93333333333333],PARAMETER['Standard_Parallel_2',40.96666666666667],PARAMETER['Latitude_Of_Origin',39.33333333333334],UNIT['Foot_US',0.3048006096012192]]</Process></lineage><itemProps><itemName Sync="TRUE">Bike_Network</itemName><imsContentType Sync="TRUE">002</imsContentType><nativeExtBox><westBL Sync="TRUE">2663613.373151</westBL><eastBL Sync="TRUE">2747362.258474</eastBL><southBL Sync="TRUE">207711.051694</southBL><northBL Sync="TRUE">303247.807142</northBL><exTypeCode Sync="TRUE">1</exTypeCode></nativeExtBox><itemLocation><linkage Sync="TRUE">file://\\STSMOHICAN\E$\gis_work\Streets_GIS\GitHub\Bike_Network\shapefile\temp\Bike_Network.shp</linkage><protocol Sync="TRUE">Local Area Network</protocol></itemLocation><itemSize Sync="TRUE">0.000</itemSize></itemProps><coordRef><type Sync="TRUE">Projected</type><geogcsn Sync="TRUE">GCS_North_American_1983</geogcsn><csUnits Sync="TRUE">Linear Unit: Foot_US (0.304801)</csUnits><projcsn Sync="TRUE">NAD_1983_StatePlane_Pennsylvania_South_FIPS_3702_Feet</projcsn><peXml Sync="TRUE">&lt;ProjectedCoordinateSystem xsi:type='typens:ProjectedCoordinateSystem' xmlns:xsi='http://www.w3.org/2001/XMLSchema-instance' xmlns:xs='http://www.w3.org/2001/XMLSchema' xmlns:typens='http://www.esri.com/schemas/ArcGIS/10.1'&gt;&lt;WKT&gt;PROJCS[&amp;quot;NAD_1983_StatePlane_Pennsylvania_South_FIPS_3702_Feet&amp;quot;,GEOGCS[&amp;quot;GCS_North_American_1983&amp;quot;,DATUM[&amp;quot;D_North_American_1983&amp;quot;,SPHEROID[&amp;quot;GRS_1980&amp;quot;,6378137.0,298.257222101]],PRIMEM[&amp;quot;Greenwich&amp;quot;,0.0],UNIT[&amp;quot;Degree&amp;quot;,0.0174532925199433]],PROJECTION[&amp;quot;Lambert_Conformal_Conic&amp;quot;],PARAMETER[&amp;quot;False_Easting&amp;quot;,1968500.0],PARAMETER[&amp;quot;False_Northing&amp;quot;,0.0],PARAMETER[&amp;quot;Central_Meridian&amp;quot;,-77.75],PARAMETER[&amp;quot;Standard_Parallel_1&amp;quot;,39.93333333333333],PARAMETER[&amp;quot;Standard_Parallel_2&amp;quot;,40.96666666666667],PARAMETER[&amp;quot;Latitude_Of_Origin&amp;quot;,39.33333333333334],UNIT[&amp;quot;Foot_US&amp;quot;,0.3048006096012192],AUTHORITY[&amp;quot;EPSG&amp;quot;,2272]]&lt;/WKT&gt;&lt;XOrigin&gt;-119214200&lt;/XOrigin&gt;&lt;YOrigin&gt;-96198500&lt;/YOrigin&gt;&lt;XYScale&gt;37163717.489134133&lt;/XYScale&gt;&lt;ZOrigin&gt;-100000&lt;/ZOrigin&gt;&lt;ZScale&gt;10000&lt;/ZScale&gt;&lt;MOrigin&gt;-100000&lt;/MOrigin&gt;&lt;MScale&gt;10000&lt;/MScale&gt;&lt;XYTolerance&gt;0.0032808333333333331&lt;/XYTolerance&gt;&lt;ZTolerance&gt;0.001&lt;/ZTolerance&gt;&lt;MTolerance&gt;0.001&lt;/MTolerance&gt;&lt;HighPrecision&gt;true&lt;/HighPrecision&gt;&lt;WKID&gt;102729&lt;/WKID&gt;&lt;LatestWKID&gt;2272&lt;/LatestWKID&gt;&lt;/ProjectedCoordinateSystem&gt;</peXml></coordRef></DataProperties><SyncDate>20140611</SyncDate><SyncTime>13463900</SyncTime><scaleRange><minScale>150000000</minScale><maxScale>5000</maxScale></scaleRange><CreaDate>20140611</CreaDate><CreaTime>13464400</CreaTime><SyncOnce>TRUE</SyncOnce></Esri><idinfo><native Sync="TRUE">Microsoft Windows 2000 Version 5.2 (Build 3790) Service Pack 2; ESRI ArcCatalog 9.3.1.3500</native><descript><langdata Sync="TRUE">en</langdata></descript><citation><citeinfo><title Sync="TRUE">GIS_STREETS.Bike_Network</title><ftname Sync="TRUE">GIS_STREETS.Bike_Network</ftname><geoform Sync="TRUE">vector digital data</geoform><onlink Sync="TRUE">Server=geodb2.phila.gov; Service=esri_sde; User=gis_streets; Version=SDE.DEFAULT</onlink></citeinfo></citation><natvform Sync="TRUE">SDE Feature Class</natvform><spdom><lboundng><leftbc Sync="TRUE">2663613.373151</leftbc><rightbc Sync="TRUE">2747362.258474</rightbc><bottombc Sync="TRUE">207711.051694</bottombc><topbc Sync="TRUE">303247.807142</topbc></lboundng><bounding><westbc Sync="TRUE">-75.273042</westbc><eastbc Sync="TRUE">-74.964063</eastbc><northbc Sync="TRUE">40.138913</northbc><southbc Sync="TRUE">39.869921</southbc></bounding></spdom></idinfo><metainfo><langmeta Sync="TRUE">en</langmeta><metstdn Sync="TRUE">FGDC Content Standards for Digital Geospatial Metadata</metstdn><metstdv Sync="TRUE">FGDC-STD-001-1998</metstdv><mettc Sync="TRUE">local time</mettc><metd Sync="TRUE">20130110</metd></metainfo><mdStanName Sync="TRUE">ISO 19115 Geographic Information - Metadata</mdStanName><mdStanVer Sync="TRUE">DIS_ESRI1.0</mdStanVer><distinfo><resdesc Sync="TRUE">Downloadable Data</resdesc></distinfo><spdoinfo><direct Sync="TRUE">Vector</direct><ptvctinf><esriterm Name="Bike_Network"><efeatyp Sync="TRUE">Simple</efeatyp><efeageom code="3" Sync="TRUE"></efeageom><esritopo Sync="TRUE">FALSE</esritopo><efeacnt Sync="TRUE">0</efeacnt><spindex Sync="TRUE">FALSE</spindex><linrefer Sync="TRUE">FALSE</linrefer></esriterm></ptvctinf></spdoinfo><spref><horizsys><cordsysn><geogcsn Sync="TRUE">GCS_North_American_1983</geogcsn><projcsn Sync="TRUE">NAD_1983_StatePlane_Pennsylvania_South_FIPS_3702_Feet</projcsn></cordsysn><planar><planci><plance Sync="TRUE">coordinate pair</plance><plandu Sync="TRUE">survey feet</plandu><coordrep><absres Sync="TRUE">0.000328</absres><ordres Sync="TRUE">0.000328</ordres></coordrep></planci></planar><geodetic><horizdn Sync="TRUE">North American Datum of 1983</horizdn><ellips Sync="TRUE">Geodetic Reference System 80</ellips><semiaxis Sync="TRUE">6378137.000000</semiaxis><denflat Sync="TRUE">298.257222</denflat></geodetic></horizsys><vertdef><altsys><altenc Sync="TRUE">Explicit elevation coordinate included with horizontal coordinates</altenc><altres Sync="TRUE">1.000000</altres></altsys></vertdef></spref></metadata>
