<?xml version="1.0" encoding="UTF-8"?>
<metadata><idinfo><citation><citeinfo><origin>City of Philadelphia</origin><pubdate>Unknown</pubdate><title>GIS_STREETS.Highway_Districts</title><geoform>vector digital data</geoform><pubinfo><pubplace>Philadelphia, Pennsylvania</pubplace><publish>City of Philadelphia, Department of Streets</publish></pubinfo><onlink>Server=mercator.phila.gov; Service=esri_sde; User=streets; Version=SDE.DEFAULT</onlink><lworkcit><citeinfo><pubinfo><pubplace>Philadelphia, Pennsylvania</pubplace><publish>City of Philadelphia, Department of Streets</publish></pubinfo></citeinfo></lworkcit></citeinfo></citation><descript><abstract>This layer delineates the six districts of the Highway Division of the City of Philadelphia Streets Department. A Highway Engineer is responsible for each district. Districts can be subdivided into sections and subsections.DATA DEVELOPMENT:Boundaries were constructed by Streets GIS staff under the direction of the Highway District Engineers and created using the most current composite layer in ArcGIS Desktop.KEY ATTRIBUTE FIELDS:DISTRICTCOORDINATE SYSTEM:Lambert Conformal Conic, NAD83, PA South Stateplane coordinates, US Foot.THEMATIC MAPPING:Use the DISTRICT field for thematic mapping and labeling.</abstract><purpose>The district layer was developed to aid the Highway Division in the planning, organizing, and maintaining of the streets of the City of Philadelphia.  Examples include: paving, snow removal, concrete maintenance, and the monitoring/repairing of ditches and potholes.

Features updated:  3/9/2009
Attributes updated: 3/9/2009
Metadata updated: 1/11/2013
Update frequency: As need basis

</purpose></descript><timeperd><timeinfo><sngdate><caldate>20080107</caldate><time>unknown</time></sngdate></timeinfo><current>20080107</current></timeperd><status><progress>Complete</progress><update>As needed</update></status><spdom><bounding><westbc>-75.284167</westbc><eastbc>-74.954039</eastbc><northbc>40.143797</northbc><southbc>39.861287</southbc></bounding></spdom><keywords><theme><themekt>None</themekt><themekey>Transportation</themekey></theme><place><placekey>Philadelphia</placekey><placekey>Philly</placekey><placekey>South East PA</placekey><placekey>South East Pennsylvania</placekey><placekey>Southeastern PA</placekey><placekey>Southeastern Pennsylvania</placekey><placekey>Delaware Valley</placekey><placekey>Philadelphia County</placekey></place></keywords><accconst>City of Philadelphia employees and those granted permission.</accconst><useconst>None</useconst><ptcontac><cntinfo><cntorgp><cntorg>City of Philadelphia, Department of Streets</cntorg><cntper>U. S. Grant Ervin</cntper></cntorgp><cntpos>GIS Manager</cntpos><cntaddr><addrtype>mailing and physical address</addrtype><address>1401 JFK Blvd</address><city>Philadelphia</city><state>Pennsylvania</state><postal>19102</postal><country>USA</country></cntaddr><cntvoice>215-686-5080</cntvoice><cntfax>215-686-5182</cntfax><cntemail>grant.ervin@phila.gov</cntemail><hours>9 am to 5 pm</hours></cntinfo></ptcontac><secinfo><secsys>No security considerations</secsys><secclass>Unclassified</secclass><sechandl>N/A</sechandl></secinfo><native>Microsoft Windows 2000 Version 5.2 (Build 3790) Service Pack 1; ESRI ArcCatalog 9.0.0.535</native><crossref><citeinfo><title>STREETS.Highway_Districts</title><pubinfo><pubplace>Philadelphia, Pennsylvania</pubplace><publish>City of Philadelphia, Department of Streets</publish></pubinfo><lworkcit><citeinfo><pubinfo><pubplace>Philadelphia, Pennsylvania</pubplace><publish>City of Philadelphia, Department of Streets</publish></pubinfo></citeinfo></lworkcit></citeinfo></crossref></idinfo><dataqual><attracc><attraccr>The attributes were checked by individual districts for accuracy.</attraccr></attracc><lineage><srcinfo><srccite><citeinfo><pubinfo><pubplace>Philadelphia, Pennsylvania</pubplace><publish>City of Philadelphia, Department of Streets</publish></pubinfo><lworkcit><citeinfo><pubinfo><pubplace>Philadelphia, Pennsylvania</pubplace><publish>City of Philadelphia, Department of Streets</publish></pubinfo></citeinfo></lworkcit></citeinfo></srccite><srctime><timeinfo><sngdate><caldate>20061002</caldate><time>unknown</time></sngdate></timeinfo><srccurr>20061002</srccurr></srctime><srccitea>STREETS: Boundary Source Composite</srccitea></srcinfo><procstep><procdesc>Dataset copied.</procdesc><procdate>Unknown</procdate><proccont><cntinfo><cntperp><cntper>U.S. Grant Ervin</cntper><cntorg>City of Philadelphia, Department of Streets</cntorg></cntperp><cntpos>GIS Manager</cntpos><cntaddr><addrtype>mailing and physical address</addrtype><address>1401 JFK Blvd</address><city>Philadelphia</city><state>Pennsylvania</state><postal>19102</postal><country>USA</country></cntaddr><cntvoice>215-686-5080</cntvoice><cntfax>215-686-5182</cntfax><cntemail>grant.ervin@phila.gov</cntemail><hours>9 am to 5 pm</hours></cntinfo></proccont></procstep><procstep><procdesc>Dataset copied.</procdesc></procstep><procstep><procdesc>Metadata imported.</procdesc><srcused>E:\gis_data\Metadata\Streets_Template.xml</srcused></procstep><procstep><procdesc>Metadata imported.</procdesc><srcused>C:\DOCUME~1\coopsan1\LOCALS~1\Temp\2\xml21.tmp</srcused><procdate>20090526</procdate><proctime>10334700</proctime></procstep></lineage></dataqual><spdoinfo><direct>Vector</direct><ptvctinf><esriterm Name="Highway_Districts"><efeatyp Sync="TRUE">Simple</efeatyp><efeageom code="4" Sync="TRUE"></efeageom><esritopo Sync="TRUE">FALSE</esritopo><efeacnt Sync="TRUE">0</efeacnt><spindex Sync="TRUE">FALSE</spindex><linrefer Sync="TRUE">FALSE</linrefer></esriterm></ptvctinf></spdoinfo><spref><horizsys><planar><planci><plance>coordinate pair</plance><coordrep><absres>0.003281</absres><ordres>0.003281</ordres></coordrep><plandu>survey feet</plandu></planci></planar><geodetic><horizdn>North American Datum of 1983</horizdn><ellips>Geodetic Reference System 80</ellips><semiaxis>6378137.000000</semiaxis><denflat>298.257222</denflat></geodetic></horizsys><vertdef><altsys><altres>1.000000</altres><altenc>Explicit elevation coordinate included with horizontal coordinates</altenc></altsys></vertdef></spref><eainfo><detailed Name="Highway_Districts"><enttyp><enttypl>STREETS.Highway_Districts</enttypl><enttypd>Attributes of Districts</enttypd><enttypt Sync="TRUE">Feature Class</enttypt><enttypc Sync="TRUE">0</enttypc></enttyp><attr><attrlabl Sync="TRUE">FID</attrlabl><attalias Sync="TRUE">FID</attalias><attrtype Sync="TRUE">OID</attrtype><attwidth Sync="TRUE">4</attwidth><atprecis Sync="TRUE">0</atprecis><attscale Sync="TRUE">0</attscale><attrdef Sync="TRUE">Internal feature number.</attrdef><attrdefs Sync="TRUE">Esri</attrdefs><attrdomv><udom Sync="TRUE">Sequential unique whole numbers that are automatically generated.</udom></attrdomv></attr><attr><attrlabl>OBJECTID</attrlabl><attrdef>Internal feature number.</attrdef><attalias Sync="TRUE">OBJECTID</attalias><attrtype Sync="TRUE">Double</attrtype><attwidth Sync="TRUE">10</attwidth><atprecis Sync="TRUE">10</atprecis><attscale Sync="TRUE">0</attscale></attr><attr><attrlabl>HIGHWAYS_D</attrlabl><attrdef>System Generated Field</attrdef><attalias Sync="TRUE">HIGHWAYS_D</attalias><attrtype Sync="TRUE">Double</attrtype><attwidth Sync="TRUE">19</attwidth><atprecis Sync="TRUE">18</atprecis><attscale Sync="TRUE">8</attscale></attr><attr><attrlabl>HIGHWAYS_1</attrlabl><attrdef>System Generated Field</attrdef><attalias Sync="TRUE">HIGHWAYS_1</attalias><attrtype Sync="TRUE">Double</attrtype><attwidth Sync="TRUE">19</attwidth><atprecis Sync="TRUE">18</atprecis><attscale Sync="TRUE">8</attscale></attr><attr><attrlabl>DISTRICT</attrlabl><attrdef>Highway District Number</attrdef><attalias Sync="TRUE">DISTRICT</attalias><attrtype Sync="TRUE">Double</attrtype><attwidth Sync="TRUE">10</attwidth><atprecis Sync="TRUE">10</atprecis><attscale Sync="TRUE">0</attscale></attr><attr><attrlabl>SHAPE</attrlabl><attrdef>Feature geometry.</attrdef><attrdefs>ESRI</attrdefs><attrdomv><udom>Coordinates defining the features.</udom></attrdomv><attalias Sync="TRUE">Shape</attalias><attrtype Sync="TRUE">Geometry</attrtype><attwidth Sync="TRUE">0</attwidth><atprecis Sync="TRUE">0</atprecis><attscale Sync="TRUE">0</attscale></attr><attr><attrlabl Sync="TRUE">SHAPE_AREA</attrlabl><attalias Sync="TRUE">SHAPE_AREA</attalias><attrtype Sync="TRUE">Double</attrtype><attwidth Sync="TRUE">19</attwidth><atprecis Sync="TRUE">0</atprecis><attscale Sync="TRUE">0</attscale><attrdef Sync="TRUE">Area of feature in internal units squared.</attrdef><attrdefs Sync="TRUE">Esri</attrdefs><attrdomv><udom Sync="TRUE">Positive real numbers that are automatically generated.</udom></attrdomv></attr><attr><attrlabl Sync="TRUE">SHAPE_LEN</attrlabl><attalias Sync="TRUE">SHAPE_LEN</attalias><attrtype Sync="TRUE">Double</attrtype><attwidth Sync="TRUE">19</attwidth><atprecis Sync="TRUE">0</atprecis><attscale Sync="TRUE">0</attscale></attr></detailed><overview><eaover>Administrative and geographic attributes for the City of Philadelphia Streets Department Highway Division districts</eaover></overview></eainfo><distinfo><distrib><cntinfo><cntperp><cntper>Brian Ivey</cntper><cntorg>MOIS-GIS Services Group</cntorg></cntperp><cntpos>GIS Specialist</cntpos><cntaddr><addrtype>mailing address</addrtype><address>1234 Market Street, 15th Floor</address><city>Philadelphia</city><state>PA</state><postal>19119</postal><country>USA</country></cntaddr><cntvoice>215-686-8287</cntvoice><cntfax>215-686-8143</cntfax><cntemail>brian.ivey@phila.gov</cntemail><hours>9 am to 5 pm</hours></cntinfo></distrib><resdesc>Downloadable Data</resdesc><distliab>
The City of Philadelphia makes no warranty or representation, express or implied, with respect to the quality, content, accuracy, completeness, currency, freedom from computer virus, or non-infringement of proprietary rights, of any of the design, information, text, graphics, images, pages, interfaces, links, software, or other materials and items contained in this dataset.  All such items and materials are provided on an
"as is" basis, and you are fully and solely responsible for your use of them and for any results or consequences of your use.  They have been compiled from a variety of sources, including sources beyond the control of the City of Philadelphia and, and are subject to change without notice from the City of Philadelphia.  Commercial use is prohibited without the prior written permission of the City of Philadelphia.  In no event shall the City of Philadelphia or their agencies, officers, employees, agents, or representatives, be liable for any direct, indirect, special, punitive,
incidental, exemplary or consequential damages arising your accessing or using this data, or otherwise arising from the data or from anything contained in or displayed in this data.  Nothing contained in or displayed in this data constitutes or is intended to constitute legal advice by the City of Philadelphia or any of their agencies, officers, employees, agents or representatives. These terms and conditions and all disputes arising under these terms and conditions shall be governed, construed and decided in accordance with the laws of the Commonwealth of Pennsylvania. The City of Philadelphia reserves the right to revise and change these terms and conditions at anytime and without any notice.
</distliab><stdorder><fees>None, unless otherwise specified.</fees><ordering>
NOTE: Use this template as a guide to construct your letter requesting City of Philadelphia GIS data.  The letter must be on your organization's letterhead, signed by an officer of the corporation/organization, and must include all information requested below.  Please pay close attention to items in &lt;bold and underlined&gt; and provide data requested in &lt;brackets&gt;.  You will be asked to resubmit your request if all of the requested information is not included.  In the event that the requestor is a contractor using the requested data as part of a contract with the City of Philadelphia, request shall reference the City department for which the work is being done. Please direct your request to:

City of Philadelphia - MOIS
GIS Services Group
1234 Market St., 15th Floor
Philadelphia, PA  19107
Attn:  Brian Ivey
****************************

&lt;XYZ COMPANY&gt; is requesting a portion of the City of Philadelphia's GIS database &lt;IDENTIFY COVERAGES OR DATA LAYERS REQUESTED&gt; for use in &lt;PROJECT DESCRIPTION&gt; for &lt;DEPARTMENT/AGENCY NAME&gt;.  The target area is bounded by &lt;PROJECT BOUNDARIES&gt;.

&lt;XYZ COMPANY&gt; confirms that it will abide by the following conditions for use of this data.  &lt;XYZ COMPANY&gt; will use this database solely in connection with the project described above.  For the purpose of any data displayed on a public web site, &lt;XYZ COMPANY&gt; will remove any attribution from the data that will possibly identify it as being the City of Philadelphia.  The database will be deleted from any electronic storage media in possession of XYZ COMPANY at the completion of the project and the CD on which it is delivered will be returned to the Mayor's Office of Information Services.  Printed maps or reports of any kind displaying data from this database will be presented only to the participating &lt;NEIGHBORHOODS, CITY AGENCIES, PROJECT COMMITTEES, OTHERWISE APPROPRIATE RECEPIENTS&gt; and only in connection with this project. Display materials generated from this database will not be used on any other project nor for demo or promotional use even if the audience is a City agency unless &lt;XYZ COMPANY&gt; has obtained a prior written agreement from the Mayor's Office of Information Services.

&lt;XYZ Company&gt;will not re-distribute the data in digital format to anyone for any purpose. 

All persons associated with &lt;XYZ COMPANY&gt; with access to this database will be informed that it is the property of the City of Philadelphia and advised of the terms under which &lt;XYZ COMPANY&gt; has agreed to its use.   

This database was specified to be built according to National Map Accuracy Standards for 1:2400 scale maps, but &lt;XYZ COMPANY&gt; acknowledges that the City makes no representation about the accuracy of any specific information &lt;XYZ  COMPANY&gt; has requested.  &lt;XYZ COMPANY&gt; will assume complete responsibility for any and all occurrences resulting from &lt;XYZ COMPANY'S&gt; use or display of this database.

&lt;Signature by Officer of the Corporation/Organization&gt;
</ordering></stdorder><custom>See Standard Order Proces.</custom><techpreq>ArcView, ArcInfo, or ArcGIS.</techpreq><availabl><timeinfo><sngdate><caldate>unknown</caldate><time>unknown</time></sngdate></timeinfo></availabl></distinfo><metainfo><metd>20061002</metd><metrd>20080107</metrd><metc><cntinfo><cntperp><cntper>U.S. Grant Ervin</cntper><cntorg>City of Philadelphia, Department of Streets</cntorg></cntperp><cntpos>GIS Manager</cntpos><cntaddr><addrtype>mailing and physical address</addrtype><address>1401 JFK Blvd</address><city>Philadelphia</city><state>Pennsylvania</state><postal>19102</postal><country>USA</country></cntaddr><cntvoice>215-686-5080</cntvoice><cntfax>215-686-5182</cntfax><cntemail>grant.ervin@phila.gov</cntemail><hours>9 am to 5 pm</hours><cntorgp><cntper>REQUIRED: The person responsible for the metadata information.</cntper><cntorg>REQUIRED: The organization responsible for the metadata information.</cntorg></cntorgp></cntinfo></metc><metstdn>FGDC Content Standards for Digital Geospatial Metadata</metstdn><metstdv>FGDC-STD-001-1998</metstdv><mettc>local time</mettc><metac>City of Philadelphia employees.</metac><metuc>City of Philadelphia use only.</metuc><metsi><metscs>No security considerations</metscs><metsc>Unclassified</metsc></metsi></metainfo><dataIdInfo><envirDesc>Microsoft Windows Server 2008 R2 Version 6.1 (Build 7601) Service Pack 1; Esri ArcGIS 10.1.1.3143</envirDesc><dataLang><languageCode value="eng"/><countryCode value="USA"/></dataLang><idCitation><resTitle>GIS_STREETS.Highway_Districts</resTitle><presForm><PresFormCd value="005"/></presForm></idCitation><spatRpType><SpatRepTypCd value="001"/></spatRpType><dataExt><geoEle><GeoBndBox esriExtentType="native"><westBL>2660575.000014</westBL><eastBL>2750112.749344</eastBL><northBL>304942.437663</northBL><southBL>204651.046589</southBL><exTypeCode>1</exTypeCode></GeoBndBox></geoEle></dataExt><dataExt><geoEle><GeoBndBox esriExtentType="search"><westBL>-75.284167</westBL><eastBL>-74.954039</eastBL><northBL>40.143797</northBL><southBL>39.861287</southBL><exTypeCode>1</exTypeCode></GeoBndBox></geoEle></dataExt><geoBox esriExtentType="decdegrees"><westBL>-75.284167</westBL><eastBL>-74.954039</eastBL><northBL>40.143797</northBL><southBL>39.861287</southBL><exTypeCode>1</exTypeCode></geoBox><idPurp>The district layer was developed to aid the Highway Division in the planning, organizing, and maintaining of the streets of the City of Philadelphia.  Examples include: paving, snow removal, concrete maintenance, and the monitoring/repairing of ditches and potholes. (Features updated:  3/9/2009 | Attributes updated: 3/9/2009 | Metadata updated: 1/11/2013 | Update frequency: As need basis)

</idPurp><idAbs>&lt;DIV STYLE="text-align:Left;"&gt;&lt;DIV&gt;&lt;DIV&gt;&lt;P&gt;&lt;SPAN&gt;This layer delineates the six districts of the Highway Division of the City of Philadelphia Streets Department. A Highway Engineer is responsible for each district. Districts can be subdivided into sections and subsections.&lt;/SPAN&gt;&lt;/P&gt;&lt;P&gt;&lt;SPAN STYLE="font-weight:bold;"&gt;DATA DEVELOPMENT:&lt;/SPAN&gt;&lt;/P&gt;&lt;P&gt;&lt;SPAN&gt;Boundary Polygon Data was constructed by Streets GIS staff under the direction of the Highway District Engineers and created using the most current composite layer in ArcGIS Desktop.&lt;/SPAN&gt;&lt;/P&gt;&lt;P&gt;&lt;SPAN STYLE="font-weight:bold;"&gt;KEY ATTRIBUTE FIELDS:&lt;/SPAN&gt;&lt;/P&gt;&lt;P&gt;&lt;SPAN&gt;DISTRICT: Unique Identifier&lt;/SPAN&gt;&lt;/P&gt;&lt;P&gt;&lt;SPAN STYLE="font-weight:bold;"&gt;COORDINATE SYSTEM:&lt;/SPAN&gt;&lt;/P&gt;&lt;P&gt;&lt;SPAN&gt;Lambert Conformal Conic, NAD83, PA South Stateplane coordinates, US Foot.&lt;/SPAN&gt;&lt;/P&gt;&lt;P&gt;&lt;SPAN STYLE="font-weight:bold;"&gt;THEMATIC MAPPING:&lt;/SPAN&gt;&lt;/P&gt;&lt;P&gt;&lt;SPAN&gt;Use the DISTRICT field for thematic mapping and labeling.&lt;/SPAN&gt;&lt;/P&gt;&lt;/DIV&gt;&lt;/DIV&gt;&lt;/DIV&gt;</idAbs><idCredit>Andy Mehos, GIS Manager | Streets Department/Office of Innovation and Technology | City of Philadelphia, 880 MSB, Philadelphia, PA 19102 |  andy.mehos@phila.gov | 215.686.5186 | GIS Data Contact: Michael Matela | michael.matela@phila.gov | 215.686.5079 
</idCredit><searchKeys><keyword>Transportation</keyword><keyword>Highway Districts</keyword><keyword>Streets Department</keyword></searchKeys><resConst><Consts><useLimit>&lt;DIV STYLE="text-align:Left;"&gt;&lt;DIV&gt;&lt;DIV&gt;&lt;P&gt;&lt;SPAN&gt;The City of Philadelphia makes no representation about the accuracy of any specific information in this GIS data and is provided “as is” and without Warranty of any kind. The user of this data will assume complete responsibility for any and all occurrences resulting from its use or display and will hold the City of Philadelphia harmless from any and all claims, demands, liabilities, obligations, damages, suits, judgments or settlements, including reasonable costs and attorneys' fees, that arise from use of this data.&lt;/SPAN&gt;&lt;/P&gt;&lt;P&gt;&lt;SPAN /&gt;&lt;/P&gt;&lt;/DIV&gt;&lt;/DIV&gt;&lt;/DIV&gt;</useLimit></Consts></resConst></dataIdInfo><mdLang><languageCode value="eng"/><countryCode value="USA"/></mdLang><mdChar><CharSetCd value="004"/></mdChar><mdHrLv><ScopeCd value="005"/></mdHrLv><mdHrLvName>dataset</mdHrLvName><distInfo><distributor><distorTran><onLineSrc><orDesc>002</orDesc><linkage>Server=GEODB2.phila.gov; Service=esri_sde; User=gis_streets; Version=SDE.DEFAULT</linkage><protocol>ArcSDE Connection</protocol></onLineSrc></distorTran><distorFormat><formatName>SDE Feature Class</formatName></distorFormat></distributor><distFormat><formatName>SDE Feature Class</formatName></distFormat><distTranOps><transSize Sync="TRUE">0.000</transSize></distTranOps></distInfo><refSysInfo><RefSystem><refSysID><identCode value="2272" code="2272">NAD_1983_StatePlane_Pennsylvania_South_FIPS_3702_Feet</identCode><idCodeSpace>EPSG</idCodeSpace><idVersion>7.11.2</idVersion></refSysID></RefSystem></refSysInfo><spatRepInfo><VectSpatRep><geometObjs Name="Highway_Districts"><geoObjTyp><GeoObjTypCd value="002" Sync="TRUE"></GeoObjTypCd></geoObjTyp><geoObjCnt Sync="TRUE">0</geoObjCnt></geometObjs><topLvl><TopoLevCd value="001" Sync="TRUE"></TopoLevCd></topLvl></VectSpatRep></spatRepInfo><mdDateSt>20140410</mdDateSt><Esri><DataProperties><itemProps><itemName Sync="TRUE">Highway_Districts</itemName><imsContentType Sync="TRUE">002</imsContentType><itemSize Sync="TRUE">0.000</itemSize><itemLocation><linkage Sync="TRUE">file://\\STSMOHICAN\E$\gis_work\Streets_GIS\GitHub\Highway_Districts\shapefile\temp\Highway_Districts.shp</linkage><protocol Sync="TRUE">Local Area Network</protocol></itemLocation></itemProps><coordRef><type Sync="TRUE">Projected</type><geogcsn Sync="TRUE">GCS_North_American_1983</geogcsn><csUnits Sync="TRUE">Linear Unit: Foot_US (0.304801)</csUnits><projcsn Sync="TRUE">NAD_1983_StatePlane_Pennsylvania_South_FIPS_3702_Feet</projcsn><peXml Sync="TRUE">&lt;ProjectedCoordinateSystem xsi:type='typens:ProjectedCoordinateSystem' xmlns:xsi='http://www.w3.org/2001/XMLSchema-instance' xmlns:xs='http://www.w3.org/2001/XMLSchema' xmlns:typens='http://www.esri.com/schemas/ArcGIS/10.1'&gt;&lt;WKT&gt;PROJCS[&amp;quot;NAD_1983_StatePlane_Pennsylvania_South_FIPS_3702_Feet&amp;quot;,GEOGCS[&amp;quot;GCS_North_American_1983&amp;quot;,DATUM[&amp;quot;D_North_American_1983&amp;quot;,SPHEROID[&amp;quot;GRS_1980&amp;quot;,6378137.0,298.257222101]],PRIMEM[&amp;quot;Greenwich&amp;quot;,0.0],UNIT[&amp;quot;Degree&amp;quot;,0.0174532925199433]],PROJECTION[&amp;quot;Lambert_Conformal_Conic&amp;quot;],PARAMETER[&amp;quot;False_Easting&amp;quot;,1968500.0],PARAMETER[&amp;quot;False_Northing&amp;quot;,0.0],PARAMETER[&amp;quot;Central_Meridian&amp;quot;,-77.75],PARAMETER[&amp;quot;Standard_Parallel_1&amp;quot;,39.93333333333333],PARAMETER[&amp;quot;Standard_Parallel_2&amp;quot;,40.96666666666667],PARAMETER[&amp;quot;Latitude_Of_Origin&amp;quot;,39.33333333333334],UNIT[&amp;quot;Foot_US&amp;quot;,0.3048006096012192],AUTHORITY[&amp;quot;EPSG&amp;quot;,2272]]&lt;/WKT&gt;&lt;XOrigin&gt;-119214200&lt;/XOrigin&gt;&lt;YOrigin&gt;-96198500&lt;/YOrigin&gt;&lt;XYScale&gt;37163717.489134133&lt;/XYScale&gt;&lt;ZOrigin&gt;-100000&lt;/ZOrigin&gt;&lt;ZScale&gt;10000&lt;/ZScale&gt;&lt;MOrigin&gt;-100000&lt;/MOrigin&gt;&lt;MScale&gt;10000&lt;/MScale&gt;&lt;XYTolerance&gt;0.0032808333333333331&lt;/XYTolerance&gt;&lt;ZTolerance&gt;0.001&lt;/ZTolerance&gt;&lt;MTolerance&gt;0.001&lt;/MTolerance&gt;&lt;HighPrecision&gt;true&lt;/HighPrecision&gt;&lt;WKID&gt;102729&lt;/WKID&gt;&lt;LatestWKID&gt;2272&lt;/LatestWKID&gt;&lt;/ProjectedCoordinateSystem&gt;</peXml></coordRef><lineage><Process ToolSource="c:\program files (x86)\arcgis\desktop10.2\ArcToolbox\Toolboxes\Data Management Tools.tbx\CopyFeatures" Date="20140611" Time="092010">CopyFeatures temp_layer E:\gis_work\Streets_GIS\GitHub\Highway_Districts\shapefile\temp\Highway_Districts.shp # 0 0 0</Process><Process ToolSource="c:\program files (x86)\arcgis\desktop10.2\ArcToolbox\Toolboxes\Data Management Tools.tbx\Project" Date="20140611" Time="092012">Project E:\gis_work\Streets_GIS\GitHub\Highway_Districts\shapefile\temp\Highway_Districts.shp E:\gis_work\Streets_GIS\GitHub\Highway_Districts\shapefile\Highway_Districts.shp GEOGCS['GCS_WGS_1984',DATUM['D_WGS_1984',SPHEROID['WGS_1984',6378137.0,298.257223563]],PRIMEM['Greenwich',0.0],UNIT['Degree',0.0174532925199433]] WGS_1984_(ITRF00)_To_NAD_1983 PROJCS['NAD_1983_StatePlane_Pennsylvania_South_FIPS_3702_Feet',GEOGCS['GCS_North_American_1983',DATUM['D_North_American_1983',SPHEROID['GRS_1980',6378137.0,298.257222101]],PRIMEM['Greenwich',0.0],UNIT['Degree',0.0174532925199433]],PROJECTION['Lambert_Conformal_Conic'],PARAMETER['False_Easting',1968500.0],PARAMETER['False_Northing',0.0],PARAMETER['Central_Meridian',-77.75],PARAMETER['Standard_Parallel_1',39.93333333333333],PARAMETER['Standard_Parallel_2',40.96666666666667],PARAMETER['Latitude_Of_Origin',39.33333333333334],UNIT['Foot_US',0.3048006096012192]]</Process></lineage></DataProperties><SyncDate>20140611</SyncDate><SyncTime>09200900</SyncTime><ModDate>20140611</ModDate><ModTime>09200900</ModTime><CreaDate>20140611</CreaDate><CreaTime>09201200</CreaTime><ArcGISFormat>1.0</ArcGISFormat><SyncOnce>TRUE</SyncOnce></Esri></metadata>
