<?xml version="1.0" encoding="UTF-8"?>
<metadata><idinfo><citation><citeinfo><origin>City of Philadelphia</origin><pubdate>Unknown</pubdate><pubtime>Unknown</pubtime><title Sync="TRUE">GIS_STREETS.Sanitation_Districts</title><edition>1.0</edition><geoform Sync="TRUE">vector digital data</geoform><pubinfo><pubplace>Philadelphia, PA</pubplace><publish>City of Philadelphia</publish></pubinfo><onlink Sync="TRUE">Server=geodb2.phila.gov; Service=esri_sde; User=gis_streets; Version=SDE.DEFAULT</onlink><ftname Sync="TRUE">GIS_STREETS.Sanitation_Districts</ftname></citeinfo></citation><descript><abstract>Coverage of all the sanitation districts containing line, point, and polygon data used by the City.</abstract><purpose>MANDATORY

- Features updated:  02/25/2011
- Attributes updated: 02/25/2011
- Metadata updated  As Needed</purpose><supplinf>OPTIONAL</supplinf><langdata Sync="TRUE">en</langdata></descript><timeperd><timeinfo><sngdate><caldate>20110225</caldate><time>unknown</time></sngdate></timeinfo><current>20110225</current></timeperd><status><progress>Complete</progress><update>As needed</update></status><spdom><bounding><westbc Sync="TRUE">-75.284957</westbc><eastbc Sync="TRUE">-74.954028</eastbc><northbc Sync="TRUE">40.144085</northbc><southbc Sync="TRUE">39.861288</southbc></bounding><lboundng><leftbc Sync="TRUE">2660353.274288</leftbc><rightbc Sync="TRUE">2750112.778548</rightbc><bottombc Sync="TRUE">204651.048314</bottombc><topbc Sync="TRUE">305041.141731</topbc></lboundng></spdom><keywords><theme><themekt>City of Philadelphia</themekt><themekey>REQUIRED: Common-use word or phrase used to describe the subject of the data set.</themekey></theme><place><placekt>None</placekt><placekey>Philadelphia</placekey><placekey>City of Philadelphia</placekey></place><temporal><tempkt>None</tempkt></temporal></keywords><accconst>City of Philadelphia employees only - see City of Philadelphia Spatial Data Distribution Policy</accconst><useconst>None</useconst><ptcontac><cntinfo><cntperp><cntper>Andy Mehos</cntper><cntorg>City of Philadelphia - Streets Department</cntorg></cntperp><cntpos>GIS Manager</cntpos><cntaddr><addrtype>mailing and physical address</addrtype><address>1401 JFK Blvd. - MSB - Suite 740</address><city>Philadelphia</city><state>PA</state><postal>19102</postal><country>USA</country></cntaddr><cntvoice>(215) 686-5186</cntvoice><cntfax>(215) 686-7812</cntfax><cntemail>andy.mehos@phila.gov</cntemail><hours>7:30 am - 4:30 pm</hours><cntinst>If unavailable and immediate assistance is needed, contact Brian Ivey</cntinst></cntinfo></ptcontac><datacred>MANDATORY

Kevin Switala</datacred><secinfo><secsys>No security considerations</secsys><secclass>Unclassified</secclass><sechandl>N/A</sechandl></secinfo><native Sync="TRUE">Microsoft Windows 2000 Version 5.2 (Build 3790) Service Pack 2; ESRI ArcCatalog 9.3.1.3500</native><natvform Sync="TRUE">SDE Feature Class</natvform></idinfo><dataqual><attracc><attraccr>MANDATORY</attraccr></attracc><logic>None performed</logic><complete>MANDATORY</complete><posacc><horizpa><horizpar>MANDATORY</horizpar></horizpa><vertacc><vertaccr>OPTIONAL</vertaccr></vertacc></posacc><lineage><procstep><procdesc>MANDATORY</procdesc><procdate>Unknown</procdate></procstep><procstep><procdesc Sync="TRUE">Metadata imported.</procdesc><srcused Sync="TRUE">C:\TEMP\xml16D3.tmp</srcused><date Sync="TRUE">20031008</date><time Sync="TRUE">15413800</time></procstep></lineage><cloud>0</cloud></dataqual><spdoinfo><direct Sync="TRUE">Vector</direct><ptvctinf><esriterm Name="Sanitation_Districts"><efeatyp Sync="TRUE">Simple</efeatyp><efeageom code="4" Sync="TRUE"></efeageom><esritopo Sync="TRUE">FALSE</esritopo><efeacnt Sync="TRUE">0</efeacnt><spindex Sync="TRUE">FALSE</spindex><linrefer Sync="TRUE">FALSE</linrefer></esriterm></ptvctinf></spdoinfo><spref><horizsys><planar><planci><plance Sync="TRUE">coordinate pair</plance><coordrep><absres Sync="TRUE">0.000049</absres><ordres Sync="TRUE">0.000049</ordres></coordrep><plandu Sync="TRUE">survey feet</plandu></planci></planar><geodetic><horizdn Sync="TRUE">North American Datum of 1983</horizdn><ellips Sync="TRUE">Geodetic Reference System 80</ellips><semiaxis Sync="TRUE">6378137.000000</semiaxis><denflat Sync="TRUE">298.257222</denflat></geodetic><cordsysn><geogcsn Sync="TRUE">GCS_North_American_1983</geogcsn><projcsn Sync="TRUE">NAD_1983_StatePlane_Pennsylvania_South_FIPS_3702_Feet</projcsn></cordsysn></horizsys><vertdef><altsys><altenc Sync="TRUE">Explicit elevation coordinate included with horizontal coordinates</altenc><altres Sync="TRUE">1.000000</altres></altsys></vertdef></spref><eainfo><detailed Name="Sanitation_Districts"><enttyp><enttypl Sync="TRUE">Sanitation_Districts</enttypl><enttypd>MANDATORY (for example: Arc Attribute Table (for AAT) or 'attributes of the shapefile')</enttypd><enttypds>MANDATORY - Department Name Here</enttypds><enttypt Sync="TRUE">Feature Class</enttypt><enttypc Sync="TRUE">0</enttypc></enttyp><attr><attrlabl Sync="TRUE">FID</attrlabl><attalias Sync="TRUE">FID</attalias><attrtype Sync="TRUE">OID</attrtype><attwidth Sync="TRUE">4</attwidth><atprecis Sync="TRUE">0</atprecis><attscale Sync="TRUE">0</attscale><attrdef Sync="TRUE">Internal feature number.</attrdef><attrdefs Sync="TRUE">Esri</attrdefs><attrdomv><udom Sync="TRUE">Sequential unique whole numbers that are automatically generated.</udom></attrdomv></attr><attr><attrlabl Sync="TRUE">SANDIS</attrlabl><attalias Sync="TRUE">SANDIS</attalias><attrtype Sync="TRUE">String</attrtype><attwidth Sync="TRUE">2</attwidth><atprecis Sync="TRUE">0</atprecis><attscale Sync="TRUE">0</attscale><attrdef>Sanitation District</attrdef></attr><attr><attrlabl Sync="TRUE">SHAPE</attrlabl><attalias Sync="TRUE">Shape</attalias><attrtype Sync="TRUE">Geometry</attrtype><attwidth Sync="TRUE">0</attwidth><atprecis Sync="TRUE">0</atprecis><attscale Sync="TRUE">0</attscale><attrdef Sync="TRUE">Feature geometry.</attrdef><attrdefs Sync="TRUE">ESRI</attrdefs><attrdomv><udom Sync="TRUE">Coordinates defining the features.</udom></attrdomv></attr><attr><attrlabl Sync="TRUE">SHAPE_AREA</attrlabl><attalias Sync="TRUE">SHAPE_AREA</attalias><attrtype Sync="TRUE">Double</attrtype><attwidth Sync="TRUE">19</attwidth><atprecis Sync="TRUE">0</atprecis><attscale Sync="TRUE">0</attscale><attrdef Sync="TRUE">Area of feature in internal units squared.</attrdef><attrdefs Sync="TRUE">Esri</attrdefs><attrdomv><udom Sync="TRUE">Positive real numbers that are automatically generated.</udom></attrdomv></attr><attr><attrlabl Sync="TRUE">SHAPE_LEN</attrlabl><attalias Sync="TRUE">SHAPE_LEN</attalias><attrtype Sync="TRUE">Double</attrtype><attwidth Sync="TRUE">19</attwidth><atprecis Sync="TRUE">0</atprecis><attscale Sync="TRUE">0</attscale></attr></detailed><overview><eaover>MANDATORY - overview of the contents of the coverage/table</eaover><eadetcit>OPTIONAL</eadetcit></overview></eainfo><distinfo><distrib><cntinfo><cntorgp><cntorg>City of Philadelphia - Non-Commercial Data Distribution Committee</cntorg></cntorgp></cntinfo></distrib><distliab>This dataset contains errors that are an artifact of the interpretation, source material and conversion process. The data and documentation are provided "as is." The City of Philadelphia (CITY) makes no warranty or representation, either express or implied, with respect to the data or accompanying documentation, including its quality, performance or accuracy. The CITY will not be liable for any direct, indirect, special, incidental, or consequential damages arising out of the use or inability to use the data or any accompanying documentation. The CITY is working to correct errors found in its datasets. Users discovering errors or making corrections to the data are requested to report such errors to the CITY at 215-686-5031 or e-mail to marion.storey@phila.gov</distliab><stdorder><digform><digtinfo><formname>ESRI Shapefile/ArcInfo Export File</formname><formvern>2D</formvern><filedec>PKzipped using WinZip by Nico Mak computing.</filedec><transize>0.9</transize></digtinfo><digtopt><onlinopt><computer><networka><networkr>http://policehq.phila.gov/</networkr></networka></computer><accinstr>Will e-mail or FTP to a City agency upon request.</accinstr><oncomp>Windows OS</oncomp></onlinopt></digtopt></digform><fees>none</fees><ordering>Please contact the Paul Reisner at 215-686-5071 for access to this data set.</ordering></stdorder><availabl><timeinfo><sngdate><caldate>19990419</caldate></sngdate></timeinfo></availabl><resdesc Sync="TRUE">Downloadable Data</resdesc></distinfo><distinfo><distrib><cntinfo><cntorgp><cntorg>City of Philadelphia - GIS Working Group</cntorg></cntorgp></cntinfo></distrib><distliab>This dataset contains errors that are an artifact of the interpretation, source material and conversion process. The data and documentation are provided "as is." The City of Philadelphia (CITY) makes no warranty or representation, either express or implied, with respect to the data or accompanying documentation, including its quality, performance or accuracy. The CITY will not be liable for any direct, indirect, special, incidental, or consequential damages arising out of the use or inability to use the data or any accompanying documentation. The CITY is working to correct errors found in its datasets. Users discovering errors or making corrections to the data are requested to report such errors to the CITY at 215-686-XXXX</distliab><stdorder><fees>N/A</fees><ordering>N/A</ordering><turnarnd>N/A</turnarnd></stdorder><stdorder><nondig>N/A</nondig><fees>N/A</fees><ordering>N/A</ordering><turnarnd>N/A</turnarnd></stdorder><custom>THE CITY OF PHILADELPHIA DOES NOT CURRENTLY HAVE A COMMERCIAL DISTRIBUTION POLICY.</custom><availabl><timeinfo><sngdate><caldate>Unknown</caldate><time>Unknown</time></sngdate></timeinfo></availabl><resdesc Sync="TRUE">Downloadable Data</resdesc></distinfo><metainfo><metd Sync="TRUE">20130110</metd><metrd>2012</metrd><metc><cntinfo><cntaddr><addrtype>mailing and physical</addrtype><address>
Police Headquarters - Rm 211
8th &amp; Race Streets
</address><city>Philadelphia</city><state>PA</state><postal>19106</postal><country>US</country></cntaddr><cntorgp><cntper>Andy Mehos</cntper><cntorg>Streets Department</cntorg></cntorgp><cntvoice>215-686-5186</cntvoice><cntpos>GIS Manager</cntpos><cntfax>215-686-5036</cntfax><cntemail>andy.mehos@phila.gov</cntemail></cntinfo></metc><metstdn Sync="TRUE">FGDC Content Standards for Digital Geospatial Metadata</metstdn><metstdv Sync="TRUE">FGDC-STD-001-1998</metstdv><mettc Sync="TRUE">local time</mettc><metac>City of Philadelphia employees</metac><metuc>City of Philadelphia use only.</metuc><metsi><metscs>No security considerations</metscs><metsc>Unclassified</metsc><metshd>N/A</metshd></metsi><langmeta Sync="TRUE">en</langmeta></metainfo><Esri><CreaDate>20140611</CreaDate><CreaTime>09285400</CreaTime><SyncOnce>FALSE</SyncOnce><SyncDate>20140611</SyncDate><SyncTime>09284900</SyncTime><ModDate>20140611</ModDate><ModTime>09284900</ModTime><DataProperties><lineage><Process ToolSource="C:\Program Files\ArcGIS\ArcToolbox\Toolboxes\Data Management Tools.tbx\CopyFeatures" Date="20050421" Time="105826" Name="" export="">CopyFeatures "Database Connections\Mercator_STREETS.sde\STREETS.Sanitation_Districts" "Database Connections\gis.phila.gov (streets).sde\GIS_STREETS.STREETS_Sanitation_Districts" # 0 0 0</Process><Process ToolSource="c:\program files (x86)\arcgis\desktop10.2\ArcToolbox\Toolboxes\Data Management Tools.tbx\CopyFeatures" Date="20140611" Time="092849">CopyFeatures temp_layer E:\gis_work\Streets_GIS\GitHub\Sanitation_Districts\shapefile\temp\Sanitation_Districts.shp # 0 0 0</Process><Process ToolSource="c:\program files (x86)\arcgis\desktop10.2\ArcToolbox\Toolboxes\Data Management Tools.tbx\Project" Date="20140611" Time="092854">Project E:\gis_work\Streets_GIS\GitHub\Sanitation_Districts\shapefile\temp\Sanitation_Districts.shp E:\gis_work\Streets_GIS\GitHub\Sanitation_Districts\shapefile\Sanitation_Districts.shp GEOGCS['GCS_WGS_1984',DATUM['D_WGS_1984',SPHEROID['WGS_1984',6378137.0,298.257223563]],PRIMEM['Greenwich',0.0],UNIT['Degree',0.0174532925199433]] WGS_1984_(ITRF00)_To_NAD_1983 PROJCS['NAD_1983_StatePlane_Pennsylvania_South_FIPS_3702_Feet',GEOGCS['GCS_North_American_1983',DATUM['D_North_American_1983',SPHEROID['GRS_1980',6378137.0,298.257222101]],PRIMEM['Greenwich',0.0],UNIT['Degree',0.0174532925199433]],PROJECTION['Lambert_Conformal_Conic'],PARAMETER['False_Easting',1968500.0],PARAMETER['False_Northing',0.0],PARAMETER['Central_Meridian',-77.75],PARAMETER['Standard_Parallel_1',39.93333333333333],PARAMETER['Standard_Parallel_2',40.96666666666667],PARAMETER['Latitude_Of_Origin',39.33333333333334],UNIT['Foot_US',0.3048006096012192]]</Process></lineage><itemProps><imsContentType>002</imsContentType><itemName Sync="TRUE">Sanitation_Districts</itemName><nativeExtBox><westBL Sync="TRUE">2660353.274288</westBL><eastBL Sync="TRUE">2750112.778548</eastBL><southBL Sync="TRUE">204651.048314</southBL><northBL Sync="TRUE">305041.141731</northBL><exTypeCode Sync="TRUE">1</exTypeCode></nativeExtBox><itemLocation><linkage Sync="TRUE">file://\\STSMOHICAN\E$\gis_work\Streets_GIS\GitHub\Sanitation_Districts\shapefile\temp\Sanitation_Districts.shp</linkage><protocol Sync="TRUE">Local Area Network</protocol></itemLocation><itemSize Sync="TRUE">0.000</itemSize></itemProps><coordRef><type Sync="TRUE">Projected</type><geogcsn Sync="TRUE">GCS_North_American_1983</geogcsn><csUnits Sync="TRUE">Linear Unit: Foot_US (0.304801)</csUnits><projcsn Sync="TRUE">NAD_1983_StatePlane_Pennsylvania_South_FIPS_3702_Feet</projcsn><peXml Sync="TRUE">&lt;ProjectedCoordinateSystem xsi:type='typens:ProjectedCoordinateSystem' xmlns:xsi='http://www.w3.org/2001/XMLSchema-instance' xmlns:xs='http://www.w3.org/2001/XMLSchema' xmlns:typens='http://www.esri.com/schemas/ArcGIS/10.1'&gt;&lt;WKT&gt;PROJCS[&amp;quot;NAD_1983_StatePlane_Pennsylvania_South_FIPS_3702_Feet&amp;quot;,GEOGCS[&amp;quot;GCS_North_American_1983&amp;quot;,DATUM[&amp;quot;D_North_American_1983&amp;quot;,SPHEROID[&amp;quot;GRS_1980&amp;quot;,6378137.0,298.257222101]],PRIMEM[&amp;quot;Greenwich&amp;quot;,0.0],UNIT[&amp;quot;Degree&amp;quot;,0.0174532925199433]],PROJECTION[&amp;quot;Lambert_Conformal_Conic&amp;quot;],PARAMETER[&amp;quot;False_Easting&amp;quot;,1968500.0],PARAMETER[&amp;quot;False_Northing&amp;quot;,0.0],PARAMETER[&amp;quot;Central_Meridian&amp;quot;,-77.75],PARAMETER[&amp;quot;Standard_Parallel_1&amp;quot;,39.93333333333333],PARAMETER[&amp;quot;Standard_Parallel_2&amp;quot;,40.96666666666667],PARAMETER[&amp;quot;Latitude_Of_Origin&amp;quot;,39.33333333333334],UNIT[&amp;quot;Foot_US&amp;quot;,0.3048006096012192],AUTHORITY[&amp;quot;EPSG&amp;quot;,2272]]&lt;/WKT&gt;&lt;XOrigin&gt;-119214200&lt;/XOrigin&gt;&lt;YOrigin&gt;-96198500&lt;/YOrigin&gt;&lt;XYScale&gt;37163717.489134133&lt;/XYScale&gt;&lt;ZOrigin&gt;-100000&lt;/ZOrigin&gt;&lt;ZScale&gt;10000&lt;/ZScale&gt;&lt;MOrigin&gt;-100000&lt;/MOrigin&gt;&lt;MScale&gt;10000&lt;/MScale&gt;&lt;XYTolerance&gt;0.0032808333333333331&lt;/XYTolerance&gt;&lt;ZTolerance&gt;0.001&lt;/ZTolerance&gt;&lt;MTolerance&gt;0.001&lt;/MTolerance&gt;&lt;HighPrecision&gt;true&lt;/HighPrecision&gt;&lt;WKID&gt;102729&lt;/WKID&gt;&lt;LatestWKID&gt;2272&lt;/LatestWKID&gt;&lt;/ProjectedCoordinateSystem&gt;</peXml></coordRef></DataProperties><ArcGISProfile>ItemDescription</ArcGISProfile><ArcGISFormat>1.0</ArcGISFormat></Esri><dataIdInfo><envirDesc Sync="TRUE">Microsoft Windows Server 2008 R2 Version 6.1 (Build 7601) Service Pack 1; Esri ArcGIS 10.2.1.3497</envirDesc><dataLang><languageCode Sync="TRUE" value="eng"/><countryCode value="USA" Sync="TRUE"/></dataLang><idCitation><resTitle Sync="TRUE">Sanitation_Districts</resTitle><presForm><PresFormCd Sync="TRUE" value="005"/></presForm></idCitation><spatRpType><SpatRepTypCd Sync="TRUE" value="001"/></spatRpType><dataExt><geoEle><GeoBndBox esriExtentType="native"><westBL Sync="TRUE">2660353.274288</westBL><eastBL Sync="TRUE">2750112.778548</eastBL><northBL Sync="TRUE">305041.141731</northBL><southBL Sync="TRUE">204651.048314</southBL><exTypeCode Sync="TRUE">1</exTypeCode></GeoBndBox></geoEle></dataExt><dataExt><geoEle><GeoBndBox esriExtentType="search"><westBL Sync="TRUE">-75.284957</westBL><eastBL Sync="TRUE">-74.954028</eastBL><northBL Sync="TRUE">40.144085</northBL><southBL Sync="TRUE">39.861288</southBL><exTypeCode Sync="TRUE">1</exTypeCode></GeoBndBox></geoEle></dataExt><geoBox esriExtentType="decdegrees"><westBL Sync="TRUE">-75.284957</westBL><eastBL Sync="TRUE">-74.954028</eastBL><northBL Sync="TRUE">40.144085</northBL><southBL Sync="TRUE">39.861288</southBL><exTypeCode Sync="TRUE">1</exTypeCode></geoBox><idPurp>MANDATORY

- Features updated:  02/25/2011
- Attributes updated: 02/25/2011
- Metadata updated  As Needed</idPurp><idAbs>&lt;DIV STYLE="text-align:Left;"&gt;&lt;DIV&gt;&lt;DIV&gt;&lt;P&gt;&lt;SPAN&gt;Coverage of all the sanitation districts containing line, point, and polygon data used by the City.&lt;/SPAN&gt;&lt;/P&gt;&lt;P&gt;&lt;SPAN STYLE="font-size:9pt"&gt;Spatial_Reference_Information:&lt;/SPAN&gt;&lt;/P&gt;&lt;P STYLE="margin:1 1 1 20;"&gt;&lt;SPAN STYLE="font-size:9pt"&gt;Horizontal_Coordinate_System_Definition:&lt;/SPAN&gt;&lt;/P&gt;&lt;P STYLE="margin:1 1 1 20;"&gt;&lt;SPAN STYLE="font-size:9pt"&gt;Planar:&lt;/SPAN&gt;&lt;/P&gt;&lt;P STYLE="margin:1 1 1 20;"&gt;&lt;SPAN STYLE="font-size:9pt"&gt;Map_Projection:&lt;/SPAN&gt;&lt;/P&gt;&lt;P STYLE="margin:1 1 1 20;"&gt;&lt;SPAN STYLE="font-size:9pt"&gt;Map_Projection_Name:Lambert Conformal Conic &lt;/SPAN&gt;&lt;/P&gt;&lt;P STYLE="margin:1 1 1 20;"&gt;&lt;SPAN STYLE="font-size:9pt"&gt;Lambert_Conformal_Conic:&lt;/SPAN&gt;&lt;/P&gt;&lt;P STYLE="margin:1 1 1 20;"&gt;&lt;SPAN STYLE="font-size:9pt"&gt;Standard_Parallel:39.933333 &lt;/SPAN&gt;&lt;/P&gt;&lt;P STYLE="margin:1 1 1 20;"&gt;&lt;SPAN STYLE="font-size:9pt"&gt;Standard_Parallel:40.966667 &lt;/SPAN&gt;&lt;/P&gt;&lt;P STYLE="margin:1 1 1 20;"&gt;&lt;SPAN STYLE="font-size:9pt"&gt;Longitude_of_Central_Meridian:-77.750000 &lt;/SPAN&gt;&lt;/P&gt;&lt;P STYLE="margin:1 1 1 20;"&gt;&lt;SPAN STYLE="font-size:9pt"&gt;Latitude_of_Projection_Origin:39.333333 &lt;/SPAN&gt;&lt;/P&gt;&lt;P STYLE="margin:1 1 1 20;"&gt;&lt;SPAN STYLE="font-size:9pt"&gt;False_Easting:1968500.000000 &lt;/SPAN&gt;&lt;/P&gt;&lt;P STYLE="margin:1 1 1 20;"&gt;&lt;SPAN STYLE="font-size:9pt"&gt;False_Northing:0.000000 &lt;/SPAN&gt;&lt;/P&gt;&lt;P STYLE="margin:1 1 1 20;"&gt;&lt;SPAN STYLE="font-size:9pt"&gt;Planar_Coordinate_Information:&lt;/SPAN&gt;&lt;/P&gt;&lt;P STYLE="margin:1 1 1 20;"&gt;&lt;SPAN STYLE="font-size:9pt"&gt;Planar_Coordinate_Encoding_Method:coordinate pair &lt;/SPAN&gt;&lt;/P&gt;&lt;P STYLE="margin:1 1 1 20;"&gt;&lt;SPAN STYLE="font-size:9pt"&gt;Coordinate_Representation:&lt;/SPAN&gt;&lt;/P&gt;&lt;P STYLE="margin:1 1 1 20;"&gt;&lt;SPAN STYLE="font-size:9pt"&gt;Abscissa_Resolution:0.000049 &lt;/SPAN&gt;&lt;/P&gt;&lt;P STYLE="margin:1 1 1 20;"&gt;&lt;SPAN STYLE="font-size:9pt"&gt;Ordinate_Resolution:0.000049 &lt;/SPAN&gt;&lt;/P&gt;&lt;P STYLE="margin:1 1 1 20;"&gt;&lt;SPAN STYLE="font-size:9pt"&gt;Planar_Distance_Units:survey feet &lt;/SPAN&gt;&lt;/P&gt;&lt;P STYLE="margin:1 1 1 20;"&gt;&lt;SPAN STYLE="font-size:9pt"&gt;Geodetic_Model:&lt;/SPAN&gt;&lt;/P&gt;&lt;P STYLE="margin:1 1 1 20;"&gt;&lt;SPAN STYLE="font-size:9pt"&gt;Horizontal_Datum_Name:North American Datum of 1983 &lt;/SPAN&gt;&lt;/P&gt;&lt;P STYLE="margin:1 1 1 20;"&gt;&lt;SPAN STYLE="font-size:9pt"&gt;Ellipsoid_Name:Geodetic Reference System 80 &lt;/SPAN&gt;&lt;/P&gt;&lt;P STYLE="margin:1 1 1 20;"&gt;&lt;SPAN STYLE="font-size:9pt"&gt;Semi-major_Axis:6378137.000000 &lt;/SPAN&gt;&lt;/P&gt;&lt;P STYLE="margin:1 1 1 20;"&gt;&lt;SPAN STYLE="font-size:9pt"&gt;Denominator_of_Flattening_Ratio:298.257222 &lt;/SPAN&gt;&lt;/P&gt;&lt;P STYLE="margin:1 1 1 20;"&gt;&lt;SPAN STYLE="font-size:9pt"&gt;Vertical_Coordinate_System_Definition:&lt;/SPAN&gt;&lt;/P&gt;&lt;P STYLE="margin:1 1 1 20;"&gt;&lt;SPAN STYLE="font-size:9pt"&gt;Altitude_System_Definition:&lt;/SPAN&gt;&lt;/P&gt;&lt;P STYLE="margin:1 1 1 20;"&gt;&lt;SPAN STYLE="font-size:9pt"&gt;Altitude_Resolution:1.000000 &lt;/SPAN&gt;&lt;/P&gt;&lt;P STYLE="margin:1 1 1 20;"&gt;&lt;SPAN STYLE="font-size:9pt"&gt;Altitude_Encoding_Method:&lt;/SPAN&gt;&lt;/P&gt;&lt;P STYLE="margin:1 1 1 20;"&gt;&lt;SPAN STYLE="font-size:9pt"&gt;Explicit elevation coordinate included with horizontal coordinates &lt;/SPAN&gt;&lt;/P&gt;&lt;P&gt;&lt;SPAN /&gt;&lt;SPAN /&gt;&lt;/P&gt;&lt;P&gt;&lt;SPAN STYLE="font-size:9pt"&gt;Entity_and_Attribute_Information:&lt;/SPAN&gt;&lt;/P&gt;&lt;P STYLE="margin:1 1 1 20;"&gt;&lt;SPAN STYLE="font-size:9pt"&gt;Detailed_Description:&lt;/SPAN&gt;&lt;/P&gt;&lt;P STYLE="margin:1 1 1 20;"&gt;&lt;SPAN STYLE="font-size:9pt"&gt;Entity_Type:&lt;/SPAN&gt;&lt;/P&gt;&lt;P STYLE="margin:1 1 1 20;"&gt;&lt;SPAN STYLE="font-size:9pt"&gt;Entity_Type_Label:GIS_STREETS.Sanitation_Districts &lt;/SPAN&gt;&lt;/P&gt;&lt;P STYLE="margin:1 1 1 20;"&gt;&lt;SPAN STYLE="font-size:9pt"&gt;Attribute:&lt;/SPAN&gt;&lt;/P&gt;&lt;P STYLE="margin:1 1 1 20;"&gt;&lt;SPAN STYLE="font-size:9pt"&gt;Attribute_Label:SANDIS &lt;/SPAN&gt;&lt;/P&gt;&lt;P STYLE="margin:1 1 1 20;"&gt;&lt;SPAN STYLE="font-size:9pt"&gt;Attribute_Definition:Sanitation District &lt;/SPAN&gt;&lt;/P&gt;&lt;P&gt;&lt;SPAN /&gt;&lt;SPAN /&gt;&lt;/P&gt;&lt;P&gt;&lt;SPAN /&gt;&lt;/P&gt;&lt;/DIV&gt;&lt;/DIV&gt;&lt;/DIV&gt;</idAbs><idCredit>Credits 
Andy Mehos, GIS Manager, Streets Department/Office of Innovation and Technology, City of Philadelphia, 880 MSB, Philadelphia, PA 19102; andy.mehos@phila.gov; 215-686-5186 

Use Limitations 
The City of Philadelphia makes no representation about the accuracy of any specific information in this GIS data and is provided “as is” and without Warranty of any kind. The user of this data will assume complete responsibility for any and all occurrences resulting from its use or display and will hold the City of Philadelphia harmless from any and all claims, demands, liabilities, obligations, damages, suits, judgments or settlements, including reasonable costs and attorneys' fees, that arise from use of this data.

</idCredit><resConst><Consts><useLimit>&lt;DIV STYLE="text-align:Left;"&gt;&lt;DIV&gt;&lt;DIV&gt;&lt;P&gt;&lt;SPAN&gt;&lt;SPAN&gt;City of Philadelphia use only.&lt;/SPAN&gt;&lt;/SPAN&gt;&lt;/P&gt;&lt;P&gt;&lt;SPAN /&gt;&lt;/P&gt;&lt;/DIV&gt;&lt;/DIV&gt;&lt;/DIV&gt;</useLimit></Consts></resConst></dataIdInfo><mdLang><languageCode Sync="TRUE" value="eng"/><countryCode value="USA" Sync="TRUE"/></mdLang><mdChar><CharSetCd Sync="TRUE" value="004"/></mdChar><mdHrLv><ScopeCd Sync="TRUE" value="005"/></mdHrLv><mdHrLvName Sync="TRUE">dataset</mdHrLvName><distInfo><distributor><distorTran><onLineSrc><orDesc Sync="TRUE">002</orDesc><linkage Sync="TRUE">Server=geodb2.phila.gov; Service=esri_sde; User=gis_streets; Version=SDE.DEFAULT</linkage><protocol Sync="TRUE">ArcSDE Connection</protocol></onLineSrc></distorTran><distorFormat><formatName Sync="TRUE">SDE Feature Class</formatName></distorFormat></distributor><distFormat><formatName Sync="TRUE">Shapefile</formatName></distFormat><distTranOps><transSize Sync="TRUE">0.000</transSize></distTranOps></distInfo><refSysInfo><RefSystem><refSysID><identCode Sync="TRUE" value="2272" code="2272">NAD_1983_StatePlane_Pennsylvania_South_FIPS_3702_Feet</identCode><idCodeSpace Sync="TRUE">EPSG</idCodeSpace><idVersion Sync="TRUE">8.2.6</idVersion></refSysID></RefSystem></refSysInfo><spatRepInfo><VectSpatRep><geometObjs Name="Sanitation_Districts"><geoObjTyp><GeoObjTypCd value="002" Sync="TRUE"></GeoObjTypCd></geoObjTyp><geoObjCnt Sync="TRUE">0</geoObjCnt></geometObjs><topLvl><TopoLevCd value="001" Sync="TRUE"></TopoLevCd></topLvl></VectSpatRep></spatRepInfo><mdDateSt Sync="TRUE">20140611</mdDateSt></metadata>
